$date
    Feb 16, 2026  16:17:31
$end
$version
    TOOL:	ncsim(64)	15.20-s086
$end
$timescale
    1 ns
$end

$scope module clock_tb $end
$var reg       1 !    clk  $end

$scope module intf $end
$var wire      1 "    clk  $end
$var reg       1 #    rst  $end
$var reg       6 $    seconds [5:0] $end
$var reg       6 %    minutes [5:0] $end
$upscope $end


$scope module dut $end
$var wire      1 "    clk  $end
$var wire      1 &    rst  $end
$var reg       6 '    seconds [5:0] $end
$var reg       6 (    minutes [5:0] $end
$upscope $end

$upscope $end

$enddefinitions $end
$dumpvars
0!
0"
1#
bx $
bx %
1&
bx '
bx (
$end
#5
1!
1"
b0 '
b0 (
b0 %
b0 $
#10
0!
0"
#15
1!
1"
#20
0!
0"
#25
1!
1"
#30
0!
0"
#35
1!
1"
#40
0!
0"
#45
1!
1"
0#
0&
#50
0!
0"
#55
1!
1"
b1 '
b1 $
#60
0!
0"
#65
1!
1"
b10 '
b10 $
#70
0!
0"
#75
1!
1"
b11 '
b11 $
#80
0!
0"
#85
1!
1"
b100 '
b100 $
#90
0!
0"
#95
1!
1"
b101 '
b101 $
#100
0!
0"
#105
1!
1"
b110 '
b110 $
#110
0!
0"
#115
1!
1"
b111 '
b111 $
#120
0!
0"
#125
1!
1"
b1000 '
b1000 $
#130
0!
0"
#135
1!
1"
b1001 '
b1001 $
#140
0!
0"
#145
1!
1"
b1010 '
b1010 $
#150
0!
0"
#155
1!
1"
b1011 '
b1011 $
#160
0!
0"
#165
1!
1"
b1100 '
b1100 $
#170
0!
0"
#175
1!
1"
b1101 '
b1101 $
#180
0!
0"
#185
1!
1"
b1110 '
b1110 $
#190
0!
0"
#195
1!
1"
b1111 '
b1111 $
#200
0!
0"
#205
1!
1"
b10000 '
b10000 $
#210
0!
0"
#215
1!
1"
b10001 '
b10001 $
#220
0!
0"
#225
1!
1"
b10010 '
b10010 $
#230
0!
0"
#235
1!
1"
b10011 '
b10011 $
#240
0!
0"
#245
1!
1"
b10100 '
b10100 $
#250
0!
0"
#255
1!
1"
b10101 '
b10101 $
#260
0!
0"
#265
1!
1"
b10110 '
b10110 $
#270
0!
0"
#275
1!
1"
b10111 '
b10111 $
#280
0!
0"
#285
1!
1"
b11000 '
b11000 $
#290
0!
0"
#295
1!
1"
b11001 '
b11001 $
#300
0!
0"
#305
1!
1"
b11010 '
b11010 $
#310
0!
0"
#315
1!
1"
b11011 '
b11011 $
#320
0!
0"
#325
1!
1"
b11100 '
b11100 $
#330
0!
0"
#335
1!
1"
b11101 '
b11101 $
#340
0!
0"
#345
1!
1"
b11110 '
b11110 $
#350
0!
0"
#355
1!
1"
b11111 '
b11111 $
#360
0!
0"
#365
1!
1"
b100000 '
b100000 $
#370
0!
0"
#375
1!
1"
b100001 '
b100001 $
#380
0!
0"
#385
1!
1"
b100010 '
b100010 $
#390
0!
0"
#395
1!
1"
b100011 '
b100011 $
#400
0!
0"
#405
1!
1"
b100100 '
b100100 $
#410
0!
0"
#415
1!
1"
b100101 '
b100101 $
#420
0!
0"
#425
1!
1"
b100110 '
b100110 $
#430
0!
0"
#435
1!
1"
b100111 '
b100111 $
#440
0!
0"
#445
1!
1"
b101000 '
b101000 $
#450
0!
0"
#455
1!
1"
b101001 '
b101001 $
#460
0!
0"
#465
1!
1"
b101010 '
b101010 $
#470
0!
0"
#475
1!
1"
b101011 '
b101011 $
#480
0!
0"
#485
1!
1"
b101100 '
b101100 $
#490
0!
0"
#495
1!
1"
b101101 '
b101101 $
#500
0!
0"
#505
1!
1"
b101110 '
b101110 $
#510
0!
0"
#515
1!
1"
b101111 '
b101111 $
#520
0!
0"
#525
1!
1"
b110000 '
b110000 $
#530
0!
0"
#535
1!
1"
b110001 '
b110001 $
#540
0!
0"
#545
1!
1"
b110010 '
b110010 $
#550
0!
0"
#555
1!
1"
b110011 '
b110011 $
#560
0!
0"
#565
1!
1"
b110100 '
b110100 $
#570
0!
0"
#575
1!
1"
b110101 '
b110101 $
#580
0!
0"
#585
1!
1"
b110110 '
b110110 $
#590
0!
0"
#595
1!
1"
b110111 '
b110111 $
#600
0!
0"
#605
1!
1"
b111000 '
b111000 $
#610
0!
0"
#615
1!
1"
b111001 '
b111001 $
#620
0!
0"
#625
1!
1"
b111010 '
b111010 $
#630
0!
0"
#635
1!
1"
b111011 '
b111011 $
#640
0!
0"
#645
1!
1"
b0 '
b1 (
b1 %
b0 $
#650
0!
0"
#655
1!
1"
b1 '
b1 $
#660
0!
0"
#665
1!
1"
b10 '
b10 $
#670
0!
0"
#675
1!
1"
b11 '
b11 $
#680
0!
0"
#685
1!
1"
b100 '
b100 $
#690
0!
0"
#695
1!
1"
b101 '
b101 $
#700
0!
0"
#705
1!
1"
b110 '
b110 $
#710
0!
0"
#715
1!
1"
b111 '
b111 $
#720
0!
0"
#725
1!
1"
b1000 '
b1000 $
#730
0!
0"
#735
1!
1"
b1001 '
b1001 $
#740
0!
0"
#745
1!
1"
b1010 '
b1010 $
#750
0!
0"
#755
1!
1"
b1011 '
b1011 $
#760
0!
0"
#765
1!
1"
b1100 '
b1100 $
#770
0!
0"
#775
1!
1"
b1101 '
b1101 $
#780
0!
0"
#785
1!
1"
b1110 '
b1110 $
#790
0!
0"
#795
1!
1"
b1111 '
b1111 $
#800
0!
0"
#805
1!
1"
b10000 '
b10000 $
#810
0!
0"
#815
1!
1"
b10001 '
b10001 $
#820
0!
0"
#825
1!
1"
b10010 '
b10010 $
#830
0!
0"
#835
1!
1"
b10011 '
b10011 $
#840
0!
0"
#845
1!
1"
b10100 '
b10100 $
#850
0!
0"
#855
1!
1"
b10101 '
b10101 $
#860
0!
0"
#865
1!
1"
b10110 '
b10110 $
#870
0!
0"
#875
1!
1"
b10111 '
b10111 $
#880
0!
0"
#885
1!
1"
b11000 '
b11000 $
#890
0!
0"
#895
1!
1"
b11001 '
b11001 $
#900
0!
0"
#905
1!
1"
b11010 '
b11010 $
#910
0!
0"
#915
1!
1"
b11011 '
b11011 $
#920
0!
0"
#925
1!
1"
b11100 '
b11100 $
#930
0!
0"
#935
1!
1"
b11101 '
b11101 $
#940
0!
0"
#945
1!
1"
b11110 '
b11110 $
#950
0!
0"
#955
1!
1"
b11111 '
b11111 $
#960
0!
0"
#965
1!
1"
b100000 '
b100000 $
#970
0!
0"
#975
1!
1"
b100001 '
b100001 $
#980
0!
0"
#985
1!
1"
b100010 '
b100010 $
#990
0!
0"
#995
1!
1"
b100011 '
b100011 $
#1000
0!
0"
#1005
1!
1"
b100100 '
b100100 $
#1010
0!
0"
#1015
1!
1"
b100101 '
b100101 $
#1020
0!
0"
#1025
1!
1"
b100110 '
b100110 $
#1030
0!
0"
#1035
1!
1"
b100111 '
b100111 $
#1040
0!
0"
#1045
1!
1"
b101000 '
b101000 $
#1050
0!
0"
#1055
1!
1"
b101001 '
b101001 $
#1060
0!
0"
#1065
1!
1"
b101010 '
b101010 $
#1070
0!
0"
#1075
1!
1"
b101011 '
b101011 $
#1080
0!
0"
#1085
1!
1"
b101100 '
b101100 $
#1090
0!
0"
#1095
1!
1"
b101101 '
b101101 $
#1100
0!
0"
#1105
1!
1"
b101110 '
b101110 $
#1110
0!
0"
#1115
1!
1"
b101111 '
b101111 $
#1120
0!
0"
#1125
1!
1"
b110000 '
b110000 $
#1130
0!
0"
#1135
1!
1"
b110001 '
b110001 $
#1140
0!
0"
#1145
1!
1"
b110010 '
b110010 $
#1150
0!
0"
#1155
1!
1"
b110011 '
b110011 $
#1160
0!
0"
#1165
1!
1"
b110100 '
b110100 $
#1170
0!
0"
#1175
1!
1"
b110101 '
b110101 $
#1180
0!
0"
#1185
1!
1"
b110110 '
b110110 $
#1190
0!
0"
#1195
1!
1"
b110111 '
b110111 $
#1200
0!
0"
#1205
1!
1"
b111000 '
b111000 $
#1210
0!
0"
#1215
1!
1"
b111001 '
b111001 $
#1220
0!
0"
#1225
1!
1"
b111010 '
b111010 $
#1230
0!
0"
#1235
1!
1"
b111011 '
b111011 $
#1240
0!
0"
#1245
1!
1"
b0 '
b10 (
b10 %
b0 $
#1250
0!
0"
#1255
1!
1"
b1 '
b1 $
#1260
0!
0"
#1265
1!
1"
b10 '
b10 $
#1270
0!
0"
#1275
1!
1"
b11 '
b11 $
#1280
0!
0"
#1285
1!
1"
b100 '
b100 $
#1290
0!
0"
#1295
1!
1"
b101 '
b101 $
#1300
0!
0"
#1305
1!
1"
b110 '
b110 $
#1310
0!
0"
#1315
1!
1"
b111 '
b111 $
#1320
0!
0"
#1325
1!
1"
b1000 '
b1000 $
#1330
0!
0"
#1335
1!
1"
b1001 '
b1001 $
#1340
0!
0"
#1345
1!
1"
b1010 '
b1010 $
#1350
0!
0"
#1355
1!
1"
b1011 '
b1011 $
#1360
0!
0"
#1365
1!
1"
b1100 '
b1100 $
#1370
0!
0"
#1375
1!
1"
b1101 '
b1101 $
#1380
0!
0"
#1385
1!
1"
b1110 '
b1110 $
#1390
0!
0"
#1395
1!
1"
b1111 '
b1111 $
#1400
0!
0"
#1405
1!
1"
b10000 '
b10000 $
#1410
0!
0"
#1415
1!
1"
b10001 '
b10001 $
#1420
0!
0"
#1425
1!
1"
b10010 '
b10010 $
#1430
0!
0"
#1435
1!
1"
b10011 '
b10011 $
#1440
0!
0"
#1445
1!
1"
b10100 '
b10100 $
#1450
0!
0"
#1455
1!
1"
b10101 '
b10101 $
#1460
0!
0"
#1465
1!
1"
b10110 '
b10110 $
#1470
0!
0"
#1475
1!
1"
b10111 '
b10111 $
#1480
0!
0"
#1485
1!
1"
b11000 '
b11000 $
#1490
0!
0"
#1495
1!
1"
b11001 '
b11001 $
#1500
0!
0"
#1505
1!
1"
b11010 '
b11010 $
#1510
0!
0"
#1515
1!
1"
b11011 '
b11011 $
#1520
0!
0"
#1525
1!
1"
b11100 '
b11100 $
#1530
0!
0"
#1535
1!
1"
b11101 '
b11101 $
#1540
0!
0"
#1545
1!
1"
b11110 '
b11110 $
#1550
0!
0"
#1555
1!
1"
b11111 '
b11111 $
#1560
0!
0"
#1565
1!
1"
b100000 '
b100000 $
#1570
0!
0"
#1575
1!
1"
b100001 '
b100001 $
#1580
0!
0"
#1585
1!
1"
b100010 '
b100010 $
#1590
0!
0"
#1595
1!
1"
b100011 '
b100011 $
#1600
0!
0"
#1605
1!
1"
b100100 '
b100100 $
#1610
0!
0"
#1615
1!
1"
b100101 '
b100101 $
#1620
0!
0"
#1625
1!
1"
b100110 '
b100110 $
#1630
0!
0"
#1635
1!
1"
b100111 '
b100111 $
#1640
0!
0"
#1645
1!
1"
b101000 '
b101000 $
#1650
0!
0"
#1655
1!
1"
b101001 '
b101001 $
#1660
0!
0"
#1665
1!
1"
b101010 '
b101010 $
#1670
0!
0"
#1675
1!
1"
b101011 '
b101011 $
#1680
0!
0"
#1685
1!
1"
b101100 '
b101100 $
#1690
0!
0"
#1695
1!
1"
b101101 '
b101101 $
#1700
0!
0"
#1705
1!
1"
b101110 '
b101110 $
#1710
0!
0"
#1715
1!
1"
b101111 '
b101111 $
#1720
0!
0"
#1725
1!
1"
b110000 '
b110000 $
#1730
0!
0"
#1735
1!
1"
b110001 '
b110001 $
#1740
0!
0"
#1745
1!
1"
b110010 '
b110010 $
#1750
0!
0"
#1755
1!
1"
b110011 '
b110011 $
#1760
0!
0"
#1765
1!
1"
b110100 '
b110100 $
#1770
0!
0"
#1775
1!
1"
b110101 '
b110101 $
#1780
0!
0"
#1785
1!
1"
b110110 '
b110110 $
#1790
0!
0"
#1795
1!
1"
b110111 '
b110111 $
#1800
0!
0"
#1805
1!
1"
b111000 '
b111000 $
#1810
0!
0"
#1815
1!
1"
b111001 '
b111001 $
#1820
0!
0"
#1825
1!
1"
b111010 '
b111010 $
#1830
0!
0"
#1835
1!
1"
b111011 '
b111011 $
#1840
0!
0"
#1845
1!
1"
b0 '
b11 (
b11 %
b0 $
#1850
0!
0"
#1855
1!
1"
b1 '
b1 $
#1860
0!
0"
#1865
1!
1"
b10 '
b10 $
#1870
0!
0"
#1875
1!
1"
b11 '
b11 $
#1880
0!
0"
#1885
1!
1"
b100 '
b100 $
#1890
0!
0"
#1895
1!
1"
b101 '
b101 $
#1900
0!
0"
#1905
1!
1"
b110 '
b110 $
#1910
0!
0"
#1915
1!
1"
b111 '
b111 $
#1920
0!
0"
#1925
1!
1"
b1000 '
b1000 $
#1930
0!
0"
#1935
1!
1"
b1001 '
b1001 $
#1940
0!
0"
#1945
1!
1"
b1010 '
b1010 $
#1950
0!
0"
#1955
1!
1"
b1011 '
b1011 $
#1960
0!
0"
#1965
1!
1"
b1100 '
b1100 $
#1970
0!
0"
#1975
1!
1"
b1101 '
b1101 $
#1980
0!
0"
#1985
1!
1"
b1110 '
b1110 $
#1990
0!
0"
#1995
1!
1"
b1111 '
b1111 $
#2000
0!
0"
#2005
1!
1"
b10000 '
b10000 $
#2010
0!
0"
#2015
1!
1"
b10001 '
b10001 $
#2020
0!
0"
#2025
1!
1"
b10010 '
b10010 $
#2030
0!
0"
#2035
1!
1"
b10011 '
b10011 $
#2040
0!
0"
#2045
1!
1"
b10100 '
b10100 $
#2050
0!
0"
#2055
1!
1"
b10101 '
b10101 $
#2060
0!
0"
#2065
1!
1"
b10110 '
b10110 $
#2070
0!
0"
#2075
1!
1"
b10111 '
b10111 $
#2080
0!
0"
#2085
1!
1"
b11000 '
b11000 $
#2090
0!
0"
#2095
1!
1"
b11001 '
b11001 $
#2100
0!
0"
#2105
1!
1"
b11010 '
b11010 $
#2110
0!
0"
#2115
1!
1"
b11011 '
b11011 $
#2120
0!
0"
#2125
1!
1"
b11100 '
b11100 $
#2130
0!
0"
#2135
1!
1"
b11101 '
b11101 $
#2140
0!
0"
#2145
1!
1"
b11110 '
b11110 $
#2150
0!
0"
#2155
1!
1"
b11111 '
b11111 $
#2160
0!
0"
#2165
1!
1"
b100000 '
b100000 $
#2170
0!
0"
#2175
1!
1"
b100001 '
b100001 $
#2180
0!
0"
#2185
1!
1"
b100010 '
b100010 $
#2190
0!
0"
#2195
1!
1"
b100011 '
b100011 $
#2200
0!
0"
#2205
1!
1"
b100100 '
b100100 $
#2210
0!
0"
#2215
1!
1"
b100101 '
b100101 $
#2220
0!
0"
#2225
1!
1"
b100110 '
b100110 $
#2230
0!
0"
#2235
1!
1"
b100111 '
b100111 $
#2240
0!
0"
#2245
1!
1"
b101000 '
b101000 $
#2250
0!
0"
#2255
1!
1"
b101001 '
b101001 $
#2260
0!
0"
#2265
1!
1"
b101010 '
b101010 $
#2270
0!
0"
#2275
1!
1"
b101011 '
b101011 $
#2280
0!
0"
#2285
1!
1"
b101100 '
b101100 $
#2290
0!
0"
#2295
1!
1"
b101101 '
b101101 $
#2300
0!
0"
#2305
1!
1"
b101110 '
b101110 $
#2310
0!
0"
#2315
1!
1"
b101111 '
b101111 $
#2320
0!
0"
#2325
1!
1"
b110000 '
b110000 $
#2330
0!
0"
#2335
1!
1"
b110001 '
b110001 $
#2340
0!
0"
#2345
1!
1"
b110010 '
b110010 $
#2350
0!
0"
#2355
1!
1"
b110011 '
b110011 $
#2360
0!
0"
#2365
1!
1"
b110100 '
b110100 $
#2370
0!
0"
#2375
1!
1"
b110101 '
b110101 $
#2380
0!
0"
#2385
1!
1"
b110110 '
b110110 $
#2390
0!
0"
#2395
1!
1"
b110111 '
b110111 $
#2400
0!
0"
#2405
1!
1"
b111000 '
b111000 $
#2410
0!
0"
#2415
1!
1"
b111001 '
b111001 $
#2420
0!
0"
#2425
1!
1"
b111010 '
b111010 $
#2430
0!
0"
#2435
1!
1"
b111011 '
b111011 $
#2440
0!
0"
#2445
1!
1"
b0 '
b100 (
b100 %
b0 $
#2450
0!
0"
#2455
1!
1"
b1 '
b1 $
#2460
0!
0"
#2465
1!
1"
b10 '
b10 $
#2470
0!
0"
#2475
1!
1"
b11 '
b11 $
#2480
0!
0"
#2485
1!
1"
b100 '
b100 $
#2490
0!
0"
#2495
1!
1"
b101 '
b101 $
#2500
0!
0"
#2505
1!
1"
b110 '
b110 $
#2510
0!
0"
#2515
1!
1"
b111 '
b111 $
#2520
0!
0"
#2525
1!
1"
b1000 '
b1000 $
#2530
0!
0"
#2535
1!
1"
b1001 '
b1001 $
#2540
0!
0"
#2545
1!
1"
b1010 '
b1010 $
#2550
0!
0"
#2555
1!
1"
b1011 '
b1011 $
#2560
0!
0"
#2565
1!
1"
b1100 '
b1100 $
#2570
0!
0"
#2575
1!
1"
b1101 '
b1101 $
#2580
0!
0"
#2585
1!
1"
b1110 '
b1110 $
#2590
0!
0"
#2595
1!
1"
b1111 '
b1111 $
#2600
0!
0"
#2605
1!
1"
b10000 '
b10000 $
#2610
0!
0"
#2615
1!
1"
b10001 '
b10001 $
#2620
0!
0"
#2625
1!
1"
b10010 '
b10010 $
#2630
0!
0"
#2635
1!
1"
b10011 '
b10011 $
#2640
0!
0"
#2645
1!
1"
b10100 '
b10100 $
#2650
0!
0"
#2655
1!
1"
b10101 '
b10101 $
#2660
0!
0"
#2665
1!
1"
b10110 '
b10110 $
#2670
0!
0"
#2675
1!
1"
b10111 '
b10111 $
#2680
0!
0"
#2685
1!
1"
b11000 '
b11000 $
#2690
0!
0"
#2695
1!
1"
b11001 '
b11001 $
#2700
0!
0"
#2705
1!
1"
b11010 '
b11010 $
#2710
0!
0"
#2715
1!
1"
b11011 '
b11011 $
#2720
0!
0"
#2725
1!
1"
b11100 '
b11100 $
#2730
0!
0"
#2735
1!
1"
b11101 '
b11101 $
#2740
0!
0"
#2745
1!
1"
b11110 '
b11110 $
#2750
0!
0"
#2755
1!
1"
b11111 '
b11111 $
#2760
0!
0"
#2765
1!
1"
b100000 '
b100000 $
#2770
0!
0"
#2775
1!
1"
b100001 '
b100001 $
#2780
0!
0"
#2785
1!
1"
b100010 '
b100010 $
#2790
0!
0"
#2795
1!
1"
b100011 '
b100011 $
#2800
0!
0"
#2805
1!
1"
b100100 '
b100100 $
#2810
0!
0"
#2815
1!
1"
b100101 '
b100101 $
#2820
0!
0"
#2825
1!
1"
b100110 '
b100110 $
#2830
0!
0"
#2835
1!
1"
b100111 '
b100111 $
#2840
0!
0"
#2845
1!
1"
b101000 '
b101000 $
#2850
0!
0"
#2855
1!
1"
b101001 '
b101001 $
#2860
0!
0"
#2865
1!
1"
b101010 '
b101010 $
#2870
0!
0"
#2875
1!
1"
b101011 '
b101011 $
#2880
0!
0"
#2885
1!
1"
b101100 '
b101100 $
#2890
0!
0"
#2895
1!
1"
b101101 '
b101101 $
#2900
0!
0"
#2905
1!
1"
b101110 '
b101110 $
#2910
0!
0"
#2915
1!
1"
b101111 '
b101111 $
#2920
0!
0"
#2925
1!
1"
b110000 '
b110000 $
#2930
0!
0"
#2935
1!
1"
b110001 '
b110001 $
#2940
0!
0"
#2945
1!
1"
b110010 '
b110010 $
#2950
0!
0"
#2955
1!
1"
b110011 '
b110011 $
#2960
0!
0"
#2965
1!
1"
b110100 '
b110100 $
#2970
0!
0"
#2975
1!
1"
b110101 '
b110101 $
#2980
0!
0"
#2985
1!
1"
b110110 '
b110110 $
#2990
0!
0"
#2995
1!
1"
b110111 '
b110111 $
#3000
0!
0"
#3005
1!
1"
b111000 '
b111000 $
#3010
0!
0"
#3015
1!
1"
b111001 '
b111001 $
#3020
0!
0"
#3025
1!
1"
b111010 '
b111010 $
#3030
0!
0"
#3035
1!
1"
b111011 '
b111011 $
#3040
0!
0"
#3045
1!
1"
b0 '
b101 (
b101 %
b0 $
#3050
0!
0"
#3055
1!
1"
b1 '
b1 $
#3060
0!
0"
#3065
1!
1"
b10 '
b10 $
#3070
0!
0"
#3075
1!
1"
b11 '
b11 $
#3080
0!
0"
#3085
1!
1"
b100 '
b100 $
#3090
0!
0"
#3095
1!
1"
b101 '
b101 $
#3100
0!
0"
#3105
1!
1"
b110 '
b110 $
#3110
0!
0"
#3115
1!
1"
b111 '
b111 $
#3120
0!
0"
#3125
1!
1"
b1000 '
b1000 $
#3130
0!
0"
#3135
1!
1"
b1001 '
b1001 $
#3140
0!
0"
#3145
1!
1"
b1010 '
b1010 $
#3150
0!
0"
#3155
1!
1"
b1011 '
b1011 $
#3160
0!
0"
#3165
1!
1"
b1100 '
b1100 $
#3170
0!
0"
#3175
1!
1"
b1101 '
b1101 $
#3180
0!
0"
#3185
1!
1"
b1110 '
b1110 $
#3190
0!
0"
#3195
1!
1"
b1111 '
b1111 $
#3200
0!
0"
#3205
1!
1"
b10000 '
b10000 $
#3210
0!
0"
#3215
1!
1"
b10001 '
b10001 $
#3220
0!
0"
#3225
1!
1"
b10010 '
b10010 $
#3230
0!
0"
#3235
1!
1"
b10011 '
b10011 $
#3240
0!
0"
#3245
1!
1"
b10100 '
b10100 $
#3250
0!
0"
#3255
1!
1"
b10101 '
b10101 $
#3260
0!
0"
#3265
1!
1"
b10110 '
b10110 $
#3270
0!
0"
#3275
1!
1"
b10111 '
b10111 $
#3280
0!
0"
#3285
1!
1"
b11000 '
b11000 $
#3290
0!
0"
#3295
1!
1"
b11001 '
b11001 $
#3300
0!
0"
#3305
1!
1"
b11010 '
b11010 $
#3310
0!
0"
#3315
1!
1"
b11011 '
b11011 $
#3320
0!
0"
#3325
1!
1"
b11100 '
b11100 $
#3330
0!
0"
#3335
1!
1"
b11101 '
b11101 $
#3340
0!
0"
#3345
1!
1"
b11110 '
b11110 $
#3350
0!
0"
#3355
1!
1"
b11111 '
b11111 $
#3360
0!
0"
#3365
1!
1"
b100000 '
b100000 $
#3370
0!
0"
#3375
1!
1"
b100001 '
b100001 $
#3380
0!
0"
#3385
1!
1"
b100010 '
b100010 $
#3390
0!
0"
#3395
1!
1"
b100011 '
b100011 $
#3400
0!
0"
#3405
1!
1"
b100100 '
b100100 $
#3410
0!
0"
#3415
1!
1"
b100101 '
b100101 $
#3420
0!
0"
#3425
1!
1"
b100110 '
b100110 $
#3430
0!
0"
#3435
1!
1"
b100111 '
b100111 $
#3440
0!
0"
#3445
1!
1"
b101000 '
b101000 $
#3450
0!
0"
#3455
1!
1"
b101001 '
b101001 $
#3460
0!
0"
#3465
1!
1"
b101010 '
b101010 $
#3470
0!
0"
#3475
1!
1"
b101011 '
b101011 $
#3480
0!
0"
#3485
1!
1"
b101100 '
b101100 $
#3490
0!
0"
#3495
1!
1"
b101101 '
b101101 $
#3500
0!
0"
#3505
1!
1"
b101110 '
b101110 $
#3510
0!
0"
#3515
1!
1"
b101111 '
b101111 $
#3520
0!
0"
#3525
1!
1"
b110000 '
b110000 $
#3530
0!
0"
#3535
1!
1"
b110001 '
b110001 $
#3540
0!
0"
#3545
1!
1"
b110010 '
b110010 $
#3550
0!
0"
#3555
1!
1"
b110011 '
b110011 $
#3560
0!
0"
#3565
1!
1"
b110100 '
b110100 $
#3570
0!
0"
#3575
1!
1"
b110101 '
b110101 $
#3580
0!
0"
#3585
1!
1"
b110110 '
b110110 $
#3590
0!
0"
#3595
1!
1"
b110111 '
b110111 $
#3600
0!
0"
#3605
1!
1"
b111000 '
b111000 $
#3610
0!
0"
#3615
1!
1"
b111001 '
b111001 $
#3620
0!
0"
#3625
1!
1"
b111010 '
b111010 $
#3630
0!
0"
#3635
1!
1"
b111011 '
b111011 $
#3640
0!
0"
#3645
1!
1"
b0 '
b110 (
b110 %
b0 $
#3650
0!
0"
#3655
1!
1"
b1 '
b1 $
#3660
0!
0"
#3665
1!
1"
b10 '
b10 $
#3670
0!
0"
#3675
1!
1"
b11 '
b11 $
#3680
0!
0"
#3685
1!
1"
b100 '
b100 $
#3690
0!
0"
#3695
1!
1"
b101 '
b101 $
#3700
0!
0"
#3705
1!
1"
b110 '
b110 $
#3710
0!
0"
#3715
1!
1"
b111 '
b111 $
#3720
0!
0"
#3725
1!
1"
b1000 '
b1000 $
#3730
0!
0"
#3735
1!
1"
b1001 '
b1001 $
#3740
0!
0"
#3745
1!
1"
b1010 '
b1010 $
#3750
0!
0"
#3755
1!
1"
b1011 '
b1011 $
#3760
0!
0"
#3765
1!
1"
b1100 '
b1100 $
#3770
0!
0"
#3775
1!
1"
b1101 '
b1101 $
#3780
0!
0"
#3785
1!
1"
b1110 '
b1110 $
#3790
0!
0"
#3795
1!
1"
b1111 '
b1111 $
#3800
0!
0"
#3805
1!
1"
b10000 '
b10000 $
#3810
0!
0"
#3815
1!
1"
b10001 '
b10001 $
#3820
0!
0"
#3825
1!
1"
b10010 '
b10010 $
#3830
0!
0"
#3835
1!
1"
b10011 '
b10011 $
#3840
0!
0"
#3845
1!
1"
b10100 '
b10100 $
#3850
0!
0"
#3855
1!
1"
b10101 '
b10101 $
#3860
0!
0"
#3865
1!
1"
b10110 '
b10110 $
#3870
0!
0"
#3875
1!
1"
b10111 '
b10111 $
#3880
0!
0"
#3885
1!
1"
b11000 '
b11000 $
#3890
0!
0"
#3895
1!
1"
b11001 '
b11001 $
#3900
0!
0"
#3905
1!
1"
b11010 '
b11010 $
#3910
0!
0"
#3915
1!
1"
b11011 '
b11011 $
#3920
0!
0"
#3925
1!
1"
b11100 '
b11100 $
#3930
0!
0"
#3935
1!
1"
b11101 '
b11101 $
#3940
0!
0"
#3945
1!
1"
b11110 '
b11110 $
#3950
0!
0"
#3955
1!
1"
b11111 '
b11111 $
#3960
0!
0"
#3965
1!
1"
b100000 '
b100000 $
#3970
0!
0"
#3975
1!
1"
b100001 '
b100001 $
#3980
0!
0"
#3985
1!
1"
b100010 '
b100010 $
#3990
0!
0"
#3995
1!
1"
b100011 '
b100011 $
#4000
0!
0"
#4005
1!
1"
b100100 '
b100100 $
#4010
0!
0"
#4015
1!
1"
b100101 '
b100101 $
#4020
0!
0"
#4025
1!
1"
b100110 '
b100110 $
#4030
0!
0"
#4035
1!
1"
b100111 '
b100111 $
#4040
0!
0"
#4045
1!
1"
b101000 '
b101000 $
#4050
0!
0"
#4055
1!
1"
b101001 '
b101001 $
#4060
0!
0"
#4065
1!
1"
b101010 '
b101010 $
#4070
0!
0"
#4075
1!
1"
b101011 '
b101011 $
#4080
0!
0"
#4085
1!
1"
b101100 '
b101100 $
#4090
0!
0"
#4095
1!
1"
b101101 '
b101101 $
#4100
0!
0"
#4105
1!
1"
b101110 '
b101110 $
#4110
0!
0"
#4115
1!
1"
b101111 '
b101111 $
#4120
0!
0"
#4125
1!
1"
b110000 '
b110000 $
#4130
0!
0"
#4135
1!
1"
b110001 '
b110001 $
#4140
0!
0"
#4145
1!
1"
b110010 '
b110010 $
#4150
0!
0"
#4155
1!
1"
b110011 '
b110011 $
#4160
0!
0"
#4165
1!
1"
b110100 '
b110100 $
#4170
0!
0"
#4175
1!
1"
b110101 '
b110101 $
#4180
0!
0"
#4185
1!
1"
b110110 '
b110110 $
#4190
0!
0"
#4195
1!
1"
b110111 '
b110111 $
#4200
0!
0"
#4205
1!
1"
b111000 '
b111000 $
#4210
0!
0"
#4215
1!
1"
b111001 '
b111001 $
#4220
0!
0"
#4225
1!
1"
b111010 '
b111010 $
#4230
0!
0"
#4235
1!
1"
b111011 '
b111011 $
#4240
0!
0"
#4245
1!
1"
b0 '
b111 (
b111 %
b0 $
#4250
0!
0"
#4255
1!
1"
b1 '
b1 $
#4260
0!
0"
#4265
1!
1"
b10 '
b10 $
#4270
0!
0"
#4275
1!
1"
b11 '
b11 $
#4280
0!
0"
#4285
1!
1"
b100 '
b100 $
#4290
0!
0"
#4295
1!
1"
b101 '
b101 $
#4300
0!
0"
#4305
1!
1"
b110 '
b110 $
#4310
0!
0"
#4315
1!
1"
b111 '
b111 $
#4320
0!
0"
#4325
1!
1"
b1000 '
b1000 $
#4330
0!
0"
#4335
1!
1"
b1001 '
b1001 $
#4340
0!
0"
#4345
1!
1"
b1010 '
b1010 $
#4350
0!
0"
#4355
1!
1"
b1011 '
b1011 $
#4360
0!
0"
#4365
1!
1"
b1100 '
b1100 $
#4370
0!
0"
#4375
1!
1"
b1101 '
b1101 $
#4380
0!
0"
#4385
1!
1"
b1110 '
b1110 $
#4390
0!
0"
#4395
1!
1"
b1111 '
b1111 $
#4400
0!
0"
#4405
1!
1"
b10000 '
b10000 $
#4410
0!
0"
#4415
1!
1"
b10001 '
b10001 $
#4420
0!
0"
#4425
1!
1"
b10010 '
b10010 $
#4430
0!
0"
#4435
1!
1"
b10011 '
b10011 $
#4440
0!
0"
#4445
1!
1"
b10100 '
b10100 $
#4450
0!
0"
#4455
1!
1"
b10101 '
b10101 $
#4460
0!
0"
#4465
1!
1"
b10110 '
b10110 $
#4470
0!
0"
#4475
1!
1"
b10111 '
b10111 $
#4480
0!
0"
#4485
1!
1"
b11000 '
b11000 $
#4490
0!
0"
#4495
1!
1"
b11001 '
b11001 $
#4500
0!
0"
#4505
1!
1"
b11010 '
b11010 $
#4510
0!
0"
#4515
1!
1"
b11011 '
b11011 $
#4520
0!
0"
#4525
1!
1"
b11100 '
b11100 $
#4530
0!
0"
#4535
1!
1"
b11101 '
b11101 $
#4540
0!
0"
#4545
1!
1"
b11110 '
b11110 $
#4550
0!
0"
#4555
1!
1"
b11111 '
b11111 $
#4560
0!
0"
#4565
1!
1"
b100000 '
b100000 $
#4570
0!
0"
#4575
1!
1"
b100001 '
b100001 $
#4580
0!
0"
#4585
1!
1"
b100010 '
b100010 $
#4590
0!
0"
#4595
1!
1"
b100011 '
b100011 $
#4600
0!
0"
#4605
1!
1"
b100100 '
b100100 $
#4610
0!
0"
#4615
1!
1"
b100101 '
b100101 $
#4620
0!
0"
#4625
1!
1"
b100110 '
b100110 $
#4630
0!
0"
#4635
1!
1"
b100111 '
b100111 $
#4640
0!
0"
#4645
1!
1"
b101000 '
b101000 $
#4650
0!
0"
#4655
1!
1"
b101001 '
b101001 $
#4660
0!
0"
#4665
1!
1"
b101010 '
b101010 $
#4670
0!
0"
#4675
1!
1"
b101011 '
b101011 $
#4680
0!
0"
#4685
1!
1"
b101100 '
b101100 $
#4690
0!
0"
#4695
1!
1"
b101101 '
b101101 $
#4700
0!
0"
#4705
1!
1"
b101110 '
b101110 $
#4710
0!
0"
#4715
1!
1"
b101111 '
b101111 $
#4720
0!
0"
#4725
1!
1"
b110000 '
b110000 $
#4730
0!
0"
#4735
1!
1"
b110001 '
b110001 $
#4740
0!
0"
#4745
1!
1"
b110010 '
b110010 $
#4750
0!
0"
#4755
1!
1"
b110011 '
b110011 $
#4760
0!
0"
#4765
1!
1"
b110100 '
b110100 $
#4770
0!
0"
#4775
1!
1"
b110101 '
b110101 $
#4780
0!
0"
#4785
1!
1"
b110110 '
b110110 $
#4790
0!
0"
#4795
1!
1"
b110111 '
b110111 $
#4800
0!
0"
#4805
1!
1"
b111000 '
b111000 $
#4810
0!
0"
#4815
1!
1"
b111001 '
b111001 $
#4820
0!
0"
#4825
1!
1"
b111010 '
b111010 $
#4830
0!
0"
#4835
1!
1"
b111011 '
b111011 $
#4840
0!
0"
#4845
1!
1"
b0 '
b1000 (
b1000 %
b0 $
#4850
0!
0"
#4855
1!
1"
b1 '
b1 $
#4860
0!
0"
#4865
1!
1"
b10 '
b10 $
#4870
0!
0"
#4875
1!
1"
b11 '
b11 $
#4880
0!
0"
#4885
1!
1"
b100 '
b100 $
#4890
0!
0"
#4895
1!
1"
b101 '
b101 $
#4900
0!
0"
#4905
1!
1"
b110 '
b110 $
#4910
0!
0"
#4915
1!
1"
b111 '
b111 $
#4920
0!
0"
#4925
1!
1"
b1000 '
b1000 $
#4930
0!
0"
#4935
1!
1"
b1001 '
b1001 $
#4940
0!
0"
#4945
1!
1"
b1010 '
b1010 $
#4950
0!
0"
#4955
1!
1"
b1011 '
b1011 $
#4960
0!
0"
#4965
1!
1"
b1100 '
b1100 $
#4970
0!
0"
#4975
1!
1"
b1101 '
b1101 $
#4980
0!
0"
#4985
1!
1"
b1110 '
b1110 $
#4990
0!
0"
#4995
1!
1"
b1111 '
b1111 $
#5000
0!
0"
#5005
1!
1"
b10000 '
b10000 $
#5010
0!
0"
#5015
1!
1"
b10001 '
b10001 $
#5020
0!
0"
#5025
1!
1"
b10010 '
b10010 $
#5030
0!
0"
#5035
1!
1"
b10011 '
b10011 $
#5040
0!
0"
#5045
1!
1"
b10100 '
b10100 $
#5050
0!
0"
#5055
1!
1"
b10101 '
b10101 $
#5060
0!
0"
#5065
1!
1"
b10110 '
b10110 $
#5070
0!
0"
#5075
1!
1"
b10111 '
b10111 $
#5080
0!
0"
#5085
1!
1"
b11000 '
b11000 $
#5090
0!
0"
#5095
1!
1"
b11001 '
b11001 $
#5100
0!
0"
#5105
1!
1"
b11010 '
b11010 $
#5110
0!
0"
#5115
1!
1"
b11011 '
b11011 $
#5120
0!
0"
#5125
1!
1"
b11100 '
b11100 $
#5130
0!
0"
#5135
1!
1"
b11101 '
b11101 $
#5140
0!
0"
#5145
1!
1"
b11110 '
b11110 $
#5150
0!
0"
#5155
1!
1"
b11111 '
b11111 $
#5160
0!
0"
#5165
1!
1"
b100000 '
b100000 $
#5170
0!
0"
#5175
1!
1"
b100001 '
b100001 $
#5180
0!
0"
#5185
1!
1"
b100010 '
b100010 $
#5190
0!
0"
#5195
1!
1"
b100011 '
b100011 $
#5200
0!
0"
#5205
1!
1"
b100100 '
b100100 $
#5210
0!
0"
#5215
1!
1"
b100101 '
b100101 $
#5220
0!
0"
#5225
1!
1"
b100110 '
b100110 $
#5230
0!
0"
#5235
1!
1"
b100111 '
b100111 $
#5240
0!
0"
#5245
1!
1"
b101000 '
b101000 $
#5250
0!
0"
#5255
1!
1"
b101001 '
b101001 $
#5260
0!
0"
#5265
1!
1"
b101010 '
b101010 $
#5270
0!
0"
#5275
1!
1"
b101011 '
b101011 $
#5280
0!
0"
#5285
1!
1"
b101100 '
b101100 $
#5290
0!
0"
#5295
1!
1"
b101101 '
b101101 $
#5300
0!
0"
#5305
1!
1"
b101110 '
b101110 $
#5310
0!
0"
#5315
1!
1"
b101111 '
b101111 $
#5320
0!
0"
#5325
1!
1"
b110000 '
b110000 $
#5330
0!
0"
#5335
1!
1"
b110001 '
b110001 $
#5340
0!
0"
#5345
1!
1"
b110010 '
b110010 $
#5350
0!
0"
#5355
1!
1"
b110011 '
b110011 $
#5360
0!
0"
#5365
1!
1"
b110100 '
b110100 $
#5370
0!
0"
#5375
1!
1"
b110101 '
b110101 $
#5380
0!
0"
#5385
1!
1"
b110110 '
b110110 $
#5390
0!
0"
#5395
1!
1"
b110111 '
b110111 $
#5400
0!
0"
#5405
1!
1"
b111000 '
b111000 $
#5410
0!
0"
#5415
1!
1"
b111001 '
b111001 $
#5420
0!
0"
#5425
1!
1"
b111010 '
b111010 $
#5430
0!
0"
#5435
1!
1"
b111011 '
b111011 $
#5440
0!
0"
#5445
1!
1"
b0 '
b1001 (
b1001 %
b0 $
#5450
0!
0"
#5455
1!
1"
b1 '
b1 $
#5460
0!
0"
#5465
1!
1"
b10 '
b10 $
#5470
0!
0"
#5475
1!
1"
b11 '
b11 $
#5480
0!
0"
#5485
1!
1"
b100 '
b100 $
#5490
0!
0"
#5495
1!
1"
b101 '
b101 $
#5500
0!
0"
#5505
1!
1"
b110 '
b110 $
#5510
0!
0"
#5515
1!
1"
b111 '
b111 $
#5520
0!
0"
#5525
1!
1"
b1000 '
b1000 $
#5530
0!
0"
#5535
1!
1"
b1001 '
b1001 $
#5540
0!
0"
#5545
1!
1"
b1010 '
b1010 $
#5550
0!
0"
#5555
1!
1"
b1011 '
b1011 $
#5560
0!
0"
#5565
1!
1"
b1100 '
b1100 $
#5570
0!
0"
#5575
1!
1"
b1101 '
b1101 $
#5580
0!
0"
#5585
1!
1"
b1110 '
b1110 $
#5590
0!
0"
#5595
1!
1"
b1111 '
b1111 $
#5600
0!
0"
#5605
1!
1"
b10000 '
b10000 $
#5610
0!
0"
#5615
1!
1"
b10001 '
b10001 $
#5620
0!
0"
#5625
1!
1"
b10010 '
b10010 $
#5630
0!
0"
#5635
1!
1"
b10011 '
b10011 $
#5640
0!
0"
#5645
1!
1"
b10100 '
b10100 $
#5650
0!
0"
#5655
1!
1"
b10101 '
b10101 $
#5660
0!
0"
#5665
1!
1"
b10110 '
b10110 $
#5670
0!
0"
#5675
1!
1"
b10111 '
b10111 $
#5680
0!
0"
#5685
1!
1"
b11000 '
b11000 $
#5690
0!
0"
#5695
1!
1"
b11001 '
b11001 $
#5700
0!
0"
#5705
1!
1"
b11010 '
b11010 $
#5710
0!
0"
#5715
1!
1"
b11011 '
b11011 $
#5720
0!
0"
#5725
1!
1"
b11100 '
b11100 $
#5730
0!
0"
#5735
1!
1"
b11101 '
b11101 $
#5740
0!
0"
#5745
1!
1"
b11110 '
b11110 $
#5750
0!
0"
#5755
1!
1"
b11111 '
b11111 $
#5760
0!
0"
#5765
1!
1"
b100000 '
b100000 $
#5770
0!
0"
#5775
1!
1"
b100001 '
b100001 $
#5780
0!
0"
#5785
1!
1"
b100010 '
b100010 $
#5790
0!
0"
#5795
1!
1"
b100011 '
b100011 $
#5800
0!
0"
#5805
1!
1"
b100100 '
b100100 $
#5810
0!
0"
#5815
1!
1"
b100101 '
b100101 $
#5820
0!
0"
#5825
1!
1"
b100110 '
b100110 $
#5830
0!
0"
#5835
1!
1"
b100111 '
b100111 $
#5840
0!
0"
#5845
1!
1"
b101000 '
b101000 $
#5850
0!
0"
#5855
1!
1"
b101001 '
b101001 $
#5860
0!
0"
#5865
1!
1"
b101010 '
b101010 $
#5870
0!
0"
#5875
1!
1"
b101011 '
b101011 $
#5880
0!
0"
#5885
1!
1"
b101100 '
b101100 $
#5890
0!
0"
#5895
1!
1"
b101101 '
b101101 $
#5900
0!
0"
#5905
1!
1"
b101110 '
b101110 $
#5910
0!
0"
#5915
1!
1"
b101111 '
b101111 $
#5920
0!
0"
#5925
1!
1"
b110000 '
b110000 $
#5930
0!
0"
#5935
1!
1"
b110001 '
b110001 $
#5940
0!
0"
#5945
1!
1"
b110010 '
b110010 $
#5950
0!
0"
#5955
1!
1"
b110011 '
b110011 $
#5960
0!
0"
#5965
1!
1"
b110100 '
b110100 $
#5970
0!
0"
#5975
1!
1"
b110101 '
b110101 $
#5980
0!
0"
#5985
1!
1"
b110110 '
b110110 $
#5990
0!
0"
#5995
1!
1"
b110111 '
b110111 $
#6000
0!
0"
#6005
1!
1"
b111000 '
b111000 $
#6010
0!
0"
#6015
1!
1"
b111001 '
b111001 $
#6020
0!
0"
#6025
1!
1"
b111010 '
b111010 $
#6030
0!
0"
#6035
1!
1"
b111011 '
b111011 $
#6040
0!
0"
#6045
1!
1"
b0 '
b1010 (
b1010 %
b0 $
#6050
0!
0"
#6055
1!
1"
b1 '
b1 $
#6060
0!
0"
#6065
1!
1"
b10 '
b10 $
#6070
0!
0"
#6075
1!
1"
b11 '
b11 $
#6080
0!
0"
#6085
1!
1"
b100 '
b100 $
#6090
0!
0"
#6095
1!
1"
b101 '
b101 $
#6100
0!
0"
#6105
1!
1"
b110 '
b110 $
#6110
0!
0"
#6115
1!
1"
b111 '
b111 $
#6120
0!
0"
#6125
1!
1"
b1000 '
b1000 $
#6130
0!
0"
#6135
1!
1"
b1001 '
b1001 $
#6140
0!
0"
#6145
1!
1"
b1010 '
b1010 $
#6150
0!
0"
#6155
1!
1"
b1011 '
b1011 $
#6160
0!
0"
#6165
1!
1"
b1100 '
b1100 $
#6170
0!
0"
#6175
1!
1"
b1101 '
b1101 $
#6180
0!
0"
#6185
1!
1"
b1110 '
b1110 $
#6190
0!
0"
#6195
1!
1"
b1111 '
b1111 $
#6200
0!
0"
#6205
1!
1"
b10000 '
b10000 $
#6210
0!
0"
#6215
1!
1"
b10001 '
b10001 $
#6220
0!
0"
#6225
1!
1"
b10010 '
b10010 $
#6230
0!
0"
#6235
1!
1"
b10011 '
b10011 $
#6240
0!
0"
#6245
1!
1"
b10100 '
b10100 $
#6250
0!
0"
#6255
1!
1"
b10101 '
b10101 $
#6260
0!
0"
#6265
1!
1"
b10110 '
b10110 $
#6270
0!
0"
#6275
1!
1"
b10111 '
b10111 $
#6280
0!
0"
#6285
1!
1"
b11000 '
b11000 $
#6290
0!
0"
#6295
1!
1"
b11001 '
b11001 $
#6300
0!
0"
#6305
1!
1"
b11010 '
b11010 $
#6310
0!
0"
#6315
1!
1"
b11011 '
b11011 $
#6320
0!
0"
#6325
1!
1"
b11100 '
b11100 $
#6330
0!
0"
#6335
1!
1"
b11101 '
b11101 $
#6340
0!
0"
#6345
1!
1"
b11110 '
b11110 $
#6350
0!
0"
#6355
1!
1"
b11111 '
b11111 $
#6360
0!
0"
#6365
1!
1"
b100000 '
b100000 $
#6370
0!
0"
#6375
1!
1"
b100001 '
b100001 $
#6380
0!
0"
#6385
1!
1"
b100010 '
b100010 $
#6390
0!
0"
#6395
1!
1"
b100011 '
b100011 $
#6400
0!
0"
#6405
1!
1"
b100100 '
b100100 $
#6410
0!
0"
#6415
1!
1"
b100101 '
b100101 $
#6420
0!
0"
#6425
1!
1"
b100110 '
b100110 $
#6430
0!
0"
#6435
1!
1"
b100111 '
b100111 $
#6440
0!
0"
#6445
1!
1"
b101000 '
b101000 $
#6450
0!
0"
#6455
1!
1"
b101001 '
b101001 $
#6460
0!
0"
#6465
1!
1"
b101010 '
b101010 $
#6470
0!
0"
#6475
1!
1"
b101011 '
b101011 $
#6480
0!
0"
#6485
1!
1"
b101100 '
b101100 $
#6490
0!
0"
#6495
1!
1"
b101101 '
b101101 $
#6500
0!
0"
#6505
1!
1"
b101110 '
b101110 $
#6510
0!
0"
#6515
1!
1"
b101111 '
b101111 $
#6520
0!
0"
#6525
1!
1"
b110000 '
b110000 $
#6530
0!
0"
#6535
1!
1"
b110001 '
b110001 $
#6540
0!
0"
#6545
1!
1"
b110010 '
b110010 $
#6550
0!
0"
#6555
1!
1"
b110011 '
b110011 $
#6560
0!
0"
#6565
1!
1"
b110100 '
b110100 $
#6570
0!
0"
#6575
1!
1"
b110101 '
b110101 $
#6580
0!
0"
#6585
1!
1"
b110110 '
b110110 $
#6590
0!
0"
#6595
1!
1"
b110111 '
b110111 $
#6600
0!
0"
#6605
1!
1"
b111000 '
b111000 $
#6610
0!
0"
#6615
1!
1"
b111001 '
b111001 $
#6620
0!
0"
#6625
1!
1"
b111010 '
b111010 $
#6630
0!
0"
#6635
1!
1"
b111011 '
b111011 $
#6640
0!
0"
#6645
1!
1"
b0 '
b1011 (
b1011 %
b0 $
#6650
0!
0"
#6655
1!
1"
b1 '
b1 $
#6660
0!
0"
#6665
1!
1"
b10 '
b10 $
#6670
0!
0"
#6675
1!
1"
b11 '
b11 $
#6680
0!
0"
#6685
1!
1"
b100 '
b100 $
#6690
0!
0"
#6695
1!
1"
b101 '
b101 $
#6700
0!
0"
#6705
1!
1"
b110 '
b110 $
#6710
0!
0"
#6715
1!
1"
b111 '
b111 $
#6720
0!
0"
#6725
1!
1"
b1000 '
b1000 $
#6730
0!
0"
#6735
1!
1"
b1001 '
b1001 $
#6740
0!
0"
#6745
1!
1"
b1010 '
b1010 $
#6750
0!
0"
#6755
1!
1"
b1011 '
b1011 $
#6760
0!
0"
#6765
1!
1"
b1100 '
b1100 $
#6770
0!
0"
#6775
1!
1"
b1101 '
b1101 $
#6780
0!
0"
#6785
1!
1"
b1110 '
b1110 $
#6790
0!
0"
#6795
1!
1"
b1111 '
b1111 $
#6800
0!
0"
#6805
1!
1"
b10000 '
b10000 $
#6810
0!
0"
#6815
1!
1"
b10001 '
b10001 $
#6820
0!
0"
#6825
1!
1"
b10010 '
b10010 $
#6830
0!
0"
#6835
1!
1"
b10011 '
b10011 $
#6840
0!
0"
#6845
1!
1"
b10100 '
b10100 $
#6850
0!
0"
#6855
1!
1"
b10101 '
b10101 $
#6860
0!
0"
#6865
1!
1"
b10110 '
b10110 $
#6870
0!
0"
#6875
1!
1"
b10111 '
b10111 $
#6880
0!
0"
#6885
1!
1"
b11000 '
b11000 $
#6890
0!
0"
#6895
1!
1"
b11001 '
b11001 $
#6900
0!
0"
#6905
1!
1"
b11010 '
b11010 $
#6910
0!
0"
#6915
1!
1"
b11011 '
b11011 $
#6920
0!
0"
#6925
1!
1"
b11100 '
b11100 $
#6930
0!
0"
#6935
1!
1"
b11101 '
b11101 $
#6940
0!
0"
#6945
1!
1"
b11110 '
b11110 $
#6950
0!
0"
#6955
1!
1"
b11111 '
b11111 $
#6960
0!
0"
#6965
1!
1"
b100000 '
b100000 $
#6970
0!
0"
#6975
1!
1"
b100001 '
b100001 $
#6980
0!
0"
#6985
1!
1"
b100010 '
b100010 $
#6990
0!
0"
#6995
1!
1"
b100011 '
b100011 $
#7000
0!
0"
#7005
1!
1"
b100100 '
b100100 $
#7010
0!
0"
#7015
1!
1"
b100101 '
b100101 $
#7020
0!
0"
#7025
1!
1"
b100110 '
b100110 $
#7030
0!
0"
#7035
1!
1"
b100111 '
b100111 $
#7040
0!
0"
#7045
1!
1"
b101000 '
b101000 $
#7050
0!
0"
#7055
1!
1"
b101001 '
b101001 $
#7060
0!
0"
#7065
1!
1"
b101010 '
b101010 $
#7070
0!
0"
#7075
1!
1"
b101011 '
b101011 $
#7080
0!
0"
#7085
1!
1"
b101100 '
b101100 $
#7090
0!
0"
#7095
1!
1"
b101101 '
b101101 $
#7100
0!
0"
#7105
1!
1"
b101110 '
b101110 $
#7110
0!
0"
#7115
1!
1"
b101111 '
b101111 $
#7120
0!
0"
#7125
1!
1"
b110000 '
b110000 $
#7130
0!
0"
#7135
1!
1"
b110001 '
b110001 $
#7140
0!
0"
#7145
1!
1"
b110010 '
b110010 $
#7150
0!
0"
#7155
1!
1"
b110011 '
b110011 $
#7160
0!
0"
#7165
1!
1"
b110100 '
b110100 $
#7170
0!
0"
#7175
1!
1"
b110101 '
b110101 $
#7180
0!
0"
#7185
1!
1"
b110110 '
b110110 $
#7190
0!
0"
#7195
1!
1"
b110111 '
b110111 $
#7200
0!
0"
#7205
1!
1"
b111000 '
b111000 $
#7210
0!
0"
#7215
1!
1"
b111001 '
b111001 $
#7220
0!
0"
#7225
1!
1"
b111010 '
b111010 $
#7230
0!
0"
#7235
1!
1"
b111011 '
b111011 $
#7240
0!
0"
#7245
1!
1"
b0 '
b1100 (
b1100 %
b0 $
#7250
0!
0"
#7255
1!
1"
b1 '
b1 $
#7260
0!
0"
#7265
1!
1"
b10 '
b10 $
#7270
0!
0"
#7275
1!
1"
b11 '
b11 $
#7280
0!
0"
#7285
1!
1"
b100 '
b100 $
#7290
0!
0"
#7295
1!
1"
b101 '
b101 $
#7300
0!
0"
#7305
1!
1"
b110 '
b110 $
#7310
0!
0"
#7315
1!
1"
b111 '
b111 $
#7320
0!
0"
#7325
1!
1"
b1000 '
b1000 $
#7330
0!
0"
#7335
1!
1"
b1001 '
b1001 $
#7340
0!
0"
#7345
1!
1"
b1010 '
b1010 $
#7350
0!
0"
#7355
1!
1"
b1011 '
b1011 $
#7360
0!
0"
#7365
1!
1"
b1100 '
b1100 $
#7370
0!
0"
#7375
1!
1"
b1101 '
b1101 $
#7380
0!
0"
#7385
1!
1"
b1110 '
b1110 $
#7390
0!
0"
#7395
1!
1"
b1111 '
b1111 $
#7400
0!
0"
#7405
1!
1"
b10000 '
b10000 $
#7410
0!
0"
#7415
1!
1"
b10001 '
b10001 $
#7420
0!
0"
#7425
1!
1"
b10010 '
b10010 $
#7430
0!
0"
#7435
1!
1"
b10011 '
b10011 $
#7440
0!
0"
#7445
1!
1"
b10100 '
b10100 $
#7450
0!
0"
#7455
1!
1"
b10101 '
b10101 $
#7460
0!
0"
#7465
1!
1"
b10110 '
b10110 $
#7470
0!
0"
#7475
1!
1"
b10111 '
b10111 $
#7480
0!
0"
#7485
1!
1"
b11000 '
b11000 $
#7490
0!
0"
#7495
1!
1"
b11001 '
b11001 $
#7500
0!
0"
#7505
1!
1"
b11010 '
b11010 $
#7510
0!
0"
#7515
1!
1"
b11011 '
b11011 $
#7520
0!
0"
#7525
1!
1"
b11100 '
b11100 $
#7530
0!
0"
#7535
1!
1"
b11101 '
b11101 $
#7540
0!
0"
#7545
1!
1"
b11110 '
b11110 $
#7550
0!
0"
#7555
1!
1"
b11111 '
b11111 $
#7560
0!
0"
#7565
1!
1"
b100000 '
b100000 $
#7570
0!
0"
#7575
1!
1"
b100001 '
b100001 $
#7580
0!
0"
#7585
1!
1"
b100010 '
b100010 $
#7590
0!
0"
#7595
1!
1"
b100011 '
b100011 $
#7600
0!
0"
#7605
1!
1"
b100100 '
b100100 $
#7610
0!
0"
#7615
1!
1"
b100101 '
b100101 $
#7620
0!
0"
#7625
1!
1"
b100110 '
b100110 $
#7630
0!
0"
#7635
1!
1"
b100111 '
b100111 $
#7640
0!
0"
#7645
1!
1"
b101000 '
b101000 $
#7650
0!
0"
#7655
1!
1"
b101001 '
b101001 $
#7660
0!
0"
#7665
1!
1"
b101010 '
b101010 $
#7670
0!
0"
#7675
1!
1"
b101011 '
b101011 $
#7680
0!
0"
#7685
1!
1"
b101100 '
b101100 $
#7690
0!
0"
#7695
1!
1"
b101101 '
b101101 $
#7700
0!
0"
#7705
1!
1"
b101110 '
b101110 $
#7710
0!
0"
#7715
1!
1"
b101111 '
b101111 $
#7720
0!
0"
#7725
1!
1"
b110000 '
b110000 $
#7730
0!
0"
#7735
1!
1"
b110001 '
b110001 $
#7740
0!
0"
#7745
1!
1"
b110010 '
b110010 $
#7750
0!
0"
#7755
1!
1"
b110011 '
b110011 $
#7760
0!
0"
#7765
1!
1"
b110100 '
b110100 $
#7770
0!
0"
#7775
1!
1"
b110101 '
b110101 $
#7780
0!
0"
#7785
1!
1"
b110110 '
b110110 $
#7790
0!
0"
#7795
1!
1"
b110111 '
b110111 $
#7800
0!
0"
#7805
1!
1"
b111000 '
b111000 $
#7810
0!
0"
#7815
1!
1"
b111001 '
b111001 $
#7820
0!
0"
#7825
1!
1"
b111010 '
b111010 $
#7830
0!
0"
#7835
1!
1"
b111011 '
b111011 $
#7840
0!
0"
#7845
1!
1"
b0 '
b1101 (
b1101 %
b0 $
#7850
0!
0"
#7855
1!
1"
b1 '
b1 $
#7860
0!
0"
#7865
1!
1"
b10 '
b10 $
#7870
0!
0"
#7875
1!
1"
b11 '
b11 $
#7880
0!
0"
#7885
1!
1"
b100 '
b100 $
#7890
0!
0"
#7895
1!
1"
b101 '
b101 $
#7900
0!
0"
#7905
1!
1"
b110 '
b110 $
#7910
0!
0"
#7915
1!
1"
b111 '
b111 $
#7920
0!
0"
#7925
1!
1"
b1000 '
b1000 $
#7930
0!
0"
#7935
1!
1"
b1001 '
b1001 $
#7940
0!
0"
#7945
1!
1"
b1010 '
b1010 $
#7950
0!
0"
#7955
1!
1"
b1011 '
b1011 $
#7960
0!
0"
#7965
1!
1"
b1100 '
b1100 $
#7970
0!
0"
#7975
1!
1"
b1101 '
b1101 $
#7980
0!
0"
#7985
1!
1"
b1110 '
b1110 $
#7990
0!
0"
#7995
1!
1"
b1111 '
b1111 $
#8000
0!
0"
#8005
1!
1"
b10000 '
b10000 $
#8010
0!
0"
#8015
1!
1"
b10001 '
b10001 $
#8020
0!
0"
#8025
1!
1"
b10010 '
b10010 $
#8030
0!
0"
#8035
1!
1"
b10011 '
b10011 $
#8040
0!
0"
#8045
1!
1"
b10100 '
b10100 $
#8050
0!
0"
#8055
1!
1"
b10101 '
b10101 $
#8060
0!
0"
#8065
1!
1"
b10110 '
b10110 $
#8070
0!
0"
#8075
1!
1"
b10111 '
b10111 $
#8080
0!
0"
#8085
1!
1"
b11000 '
b11000 $
#8090
0!
0"
#8095
1!
1"
b11001 '
b11001 $
#8100
0!
0"
#8105
1!
1"
b11010 '
b11010 $
#8110
0!
0"
#8115
1!
1"
b11011 '
b11011 $
#8120
0!
0"
#8125
1!
1"
b11100 '
b11100 $
#8130
0!
0"
#8135
1!
1"
b11101 '
b11101 $
#8140
0!
0"
#8145
1!
1"
b11110 '
b11110 $
#8150
0!
0"
#8155
1!
1"
b11111 '
b11111 $
#8160
0!
0"
#8165
1!
1"
b100000 '
b100000 $
#8170
0!
0"
#8175
1!
1"
b100001 '
b100001 $
#8180
0!
0"
#8185
1!
1"
b100010 '
b100010 $
#8190
0!
0"
#8195
1!
1"
b100011 '
b100011 $
#8200
0!
0"
#8205
1!
1"
b100100 '
b100100 $
#8210
0!
0"
#8215
1!
1"
b100101 '
b100101 $
#8220
0!
0"
#8225
1!
1"
b100110 '
b100110 $
#8230
0!
0"
#8235
1!
1"
b100111 '
b100111 $
#8240
0!
0"
#8245
1!
1"
b101000 '
b101000 $
#8250
0!
0"
#8255
1!
1"
b101001 '
b101001 $
#8260
0!
0"
#8265
1!
1"
b101010 '
b101010 $
#8270
0!
0"
#8275
1!
1"
b101011 '
b101011 $
#8280
0!
0"
#8285
1!
1"
b101100 '
b101100 $
#8290
0!
0"
#8295
1!
1"
b101101 '
b101101 $
#8300
0!
0"
#8305
1!
1"
b101110 '
b101110 $
#8310
0!
0"
#8315
1!
1"
b101111 '
b101111 $
#8320
0!
0"
#8325
1!
1"
b110000 '
b110000 $
#8330
0!
0"
#8335
1!
1"
b110001 '
b110001 $
#8340
0!
0"
#8345
1!
1"
b110010 '
b110010 $
#8350
0!
0"
#8355
1!
1"
b110011 '
b110011 $
#8360
0!
0"
#8365
1!
1"
b110100 '
b110100 $
#8370
0!
0"
#8375
1!
1"
b110101 '
b110101 $
#8380
0!
0"
#8385
1!
1"
b110110 '
b110110 $
#8390
0!
0"
#8395
1!
1"
b110111 '
b110111 $
#8400
0!
0"
#8405
1!
1"
b111000 '
b111000 $
#8410
0!
0"
#8415
1!
1"
b111001 '
b111001 $
#8420
0!
0"
#8425
1!
1"
b111010 '
b111010 $
#8430
0!
0"
#8435
1!
1"
b111011 '
b111011 $
#8440
0!
0"
#8445
1!
1"
b0 '
b1110 (
b1110 %
b0 $
#8450
0!
0"
#8455
1!
1"
b1 '
b1 $
#8460
0!
0"
#8465
1!
1"
b10 '
b10 $
#8470
0!
0"
#8475
1!
1"
b11 '
b11 $
#8480
0!
0"
#8485
1!
1"
b100 '
b100 $
#8490
0!
0"
#8495
1!
1"
b101 '
b101 $
#8500
0!
0"
#8505
1!
1"
b110 '
b110 $
#8510
0!
0"
#8515
1!
1"
b111 '
b111 $
#8520
0!
0"
#8525
1!
1"
b1000 '
b1000 $
#8530
0!
0"
#8535
1!
1"
b1001 '
b1001 $
#8540
0!
0"
#8545
1!
1"
b1010 '
b1010 $
#8550
0!
0"
#8555
1!
1"
b1011 '
b1011 $
#8560
0!
0"
#8565
1!
1"
b1100 '
b1100 $
#8570
0!
0"
#8575
1!
1"
b1101 '
b1101 $
#8580
0!
0"
#8585
1!
1"
b1110 '
b1110 $
#8590
0!
0"
#8595
1!
1"
b1111 '
b1111 $
#8600
0!
0"
#8605
1!
1"
b10000 '
b10000 $
#8610
0!
0"
#8615
1!
1"
b10001 '
b10001 $
#8620
0!
0"
#8625
1!
1"
b10010 '
b10010 $
#8630
0!
0"
#8635
1!
1"
b10011 '
b10011 $
#8640
0!
0"
#8645
1!
1"
b10100 '
b10100 $
#8650
0!
0"
#8655
1!
1"
b10101 '
b10101 $
#8660
0!
0"
#8665
1!
1"
b10110 '
b10110 $
#8670
0!
0"
#8675
1!
1"
b10111 '
b10111 $
#8680
0!
0"
#8685
1!
1"
b11000 '
b11000 $
#8690
0!
0"
#8695
1!
1"
b11001 '
b11001 $
#8700
0!
0"
#8705
1!
1"
b11010 '
b11010 $
#8710
0!
0"
#8715
1!
1"
b11011 '
b11011 $
#8720
0!
0"
#8725
1!
1"
b11100 '
b11100 $
#8730
0!
0"
#8735
1!
1"
b11101 '
b11101 $
#8740
0!
0"
#8745
1!
1"
b11110 '
b11110 $
#8750
0!
0"
#8755
1!
1"
b11111 '
b11111 $
#8760
0!
0"
#8765
1!
1"
b100000 '
b100000 $
#8770
0!
0"
#8775
1!
1"
b100001 '
b100001 $
#8780
0!
0"
#8785
1!
1"
b100010 '
b100010 $
#8790
0!
0"
#8795
1!
1"
b100011 '
b100011 $
#8800
0!
0"
#8805
1!
1"
b100100 '
b100100 $
#8810
0!
0"
#8815
1!
1"
b100101 '
b100101 $
#8820
0!
0"
#8825
1!
1"
b100110 '
b100110 $
#8830
0!
0"
#8835
1!
1"
b100111 '
b100111 $
#8840
0!
0"
#8845
1!
1"
b101000 '
b101000 $
#8850
0!
0"
#8855
1!
1"
b101001 '
b101001 $
#8860
0!
0"
#8865
1!
1"
b101010 '
b101010 $
#8870
0!
0"
#8875
1!
1"
b101011 '
b101011 $
#8880
0!
0"
#8885
1!
1"
b101100 '
b101100 $
#8890
0!
0"
#8895
1!
1"
b101101 '
b101101 $
#8900
0!
0"
#8905
1!
1"
b101110 '
b101110 $
#8910
0!
0"
#8915
1!
1"
b101111 '
b101111 $
#8920
0!
0"
#8925
1!
1"
b110000 '
b110000 $
#8930
0!
0"
#8935
1!
1"
b110001 '
b110001 $
#8940
0!
0"
#8945
1!
1"
b110010 '
b110010 $
#8950
0!
0"
#8955
1!
1"
b110011 '
b110011 $
#8960
0!
0"
#8965
1!
1"
b110100 '
b110100 $
#8970
0!
0"
#8975
1!
1"
b110101 '
b110101 $
#8980
0!
0"
#8985
1!
1"
b110110 '
b110110 $
#8990
0!
0"
#8995
1!
1"
b110111 '
b110111 $
#9000
0!
0"
#9005
1!
1"
b111000 '
b111000 $
#9010
0!
0"
#9015
1!
1"
b111001 '
b111001 $
#9020
0!
0"
#9025
1!
1"
b111010 '
b111010 $
#9030
0!
0"
#9035
1!
1"
b111011 '
b111011 $
#9040
0!
0"
#9045
1!
1"
b0 '
b1111 (
b1111 %
b0 $
#9050
0!
0"
#9055
1!
1"
b1 '
b1 $
#9060
0!
0"
#9065
1!
1"
b10 '
b10 $
#9070
0!
0"
#9075
1!
1"
b11 '
b11 $
#9080
0!
0"
#9085
1!
1"
b100 '
b100 $
#9090
0!
0"
#9095
1!
1"
b101 '
b101 $
#9100
0!
0"
#9105
1!
1"
b110 '
b110 $
#9110
0!
0"
#9115
1!
1"
b111 '
b111 $
#9120
0!
0"
#9125
1!
1"
b1000 '
b1000 $
#9130
0!
0"
#9135
1!
1"
b1001 '
b1001 $
#9140
0!
0"
#9145
1!
1"
b1010 '
b1010 $
#9150
0!
0"
#9155
1!
1"
b1011 '
b1011 $
#9160
0!
0"
#9165
1!
1"
b1100 '
b1100 $
#9170
0!
0"
#9175
1!
1"
b1101 '
b1101 $
#9180
0!
0"
#9185
1!
1"
b1110 '
b1110 $
#9190
0!
0"
#9195
1!
1"
b1111 '
b1111 $
#9200
0!
0"
#9205
1!
1"
b10000 '
b10000 $
#9210
0!
0"
#9215
1!
1"
b10001 '
b10001 $
#9220
0!
0"
#9225
1!
1"
b10010 '
b10010 $
#9230
0!
0"
#9235
1!
1"
b10011 '
b10011 $
#9240
0!
0"
#9245
1!
1"
b10100 '
b10100 $
#9250
0!
0"
#9255
1!
1"
b10101 '
b10101 $
#9260
0!
0"
#9265
1!
1"
b10110 '
b10110 $
#9270
0!
0"
#9275
1!
1"
b10111 '
b10111 $
#9280
0!
0"
#9285
1!
1"
b11000 '
b11000 $
#9290
0!
0"
#9295
1!
1"
b11001 '
b11001 $
#9300
0!
0"
#9305
1!
1"
b11010 '
b11010 $
#9310
0!
0"
#9315
1!
1"
b11011 '
b11011 $
#9320
0!
0"
#9325
1!
1"
b11100 '
b11100 $
#9330
0!
0"
#9335
1!
1"
b11101 '
b11101 $
#9340
0!
0"
#9345
1!
1"
b11110 '
b11110 $
#9350
0!
0"
#9355
1!
1"
b11111 '
b11111 $
#9360
0!
0"
#9365
1!
1"
b100000 '
b100000 $
#9370
0!
0"
#9375
1!
1"
b100001 '
b100001 $
#9380
0!
0"
#9385
1!
1"
b100010 '
b100010 $
#9390
0!
0"
#9395
1!
1"
b100011 '
b100011 $
#9400
0!
0"
#9405
1!
1"
b100100 '
b100100 $
#9410
0!
0"
#9415
1!
1"
b100101 '
b100101 $
#9420
0!
0"
#9425
1!
1"
b100110 '
b100110 $
#9430
0!
0"
#9435
1!
1"
b100111 '
b100111 $
#9440
0!
0"
#9445
1!
1"
b101000 '
b101000 $
#9450
0!
0"
#9455
1!
1"
b101001 '
b101001 $
#9460
0!
0"
#9465
1!
1"
b101010 '
b101010 $
#9470
0!
0"
#9475
1!
1"
b101011 '
b101011 $
#9480
0!
0"
#9485
1!
1"
b101100 '
b101100 $
#9490
0!
0"
#9495
1!
1"
b101101 '
b101101 $
#9500
0!
0"
#9505
1!
1"
b101110 '
b101110 $
#9510
0!
0"
#9515
1!
1"
b101111 '
b101111 $
#9520
0!
0"
#9525
1!
1"
b110000 '
b110000 $
#9530
0!
0"
#9535
1!
1"
b110001 '
b110001 $
#9540
0!
0"
#9545
1!
1"
b110010 '
b110010 $
#9550
0!
0"
#9555
1!
1"
b110011 '
b110011 $
#9560
0!
0"
#9565
1!
1"
b110100 '
b110100 $
#9570
0!
0"
#9575
1!
1"
b110101 '
b110101 $
#9580
0!
0"
#9585
1!
1"
b110110 '
b110110 $
#9590
0!
0"
#9595
1!
1"
b110111 '
b110111 $
#9600
0!
0"
#9605
1!
1"
b111000 '
b111000 $
#9610
0!
0"
#9615
1!
1"
b111001 '
b111001 $
#9620
0!
0"
#9625
1!
1"
b111010 '
b111010 $
#9630
0!
0"
#9635
1!
1"
b111011 '
b111011 $
#9640
0!
0"
#9645
1!
1"
b0 '
b10000 (
b10000 %
b0 $
#9650
0!
0"
#9655
1!
1"
b1 '
b1 $
#9660
0!
0"
#9665
1!
1"
b10 '
b10 $
#9670
0!
0"
#9675
1!
1"
b11 '
b11 $
#9680
0!
0"
#9685
1!
1"
b100 '
b100 $
#9690
0!
0"
#9695
1!
1"
b101 '
b101 $
#9700
0!
0"
#9705
1!
1"
b110 '
b110 $
#9710
0!
0"
#9715
1!
1"
b111 '
b111 $
#9720
0!
0"
#9725
1!
1"
b1000 '
b1000 $
#9730
0!
0"
#9735
1!
1"
b1001 '
b1001 $
#9740
0!
0"
#9745
1!
1"
b1010 '
b1010 $
#9750
0!
0"
#9755
1!
1"
b1011 '
b1011 $
#9760
0!
0"
#9765
1!
1"
b1100 '
b1100 $
#9770
0!
0"
#9775
1!
1"
b1101 '
b1101 $
#9780
0!
0"
#9785
1!
1"
b1110 '
b1110 $
#9790
0!
0"
#9795
1!
1"
b1111 '
b1111 $
#9800
0!
0"
#9805
1!
1"
b10000 '
b10000 $
#9810
0!
0"
#9815
1!
1"
b10001 '
b10001 $
#9820
0!
0"
#9825
1!
1"
b10010 '
b10010 $
#9830
0!
0"
#9835
1!
1"
b10011 '
b10011 $
#9840
0!
0"
#9845
1!
1"
b10100 '
b10100 $
#9850
0!
0"
#9855
1!
1"
b10101 '
b10101 $
#9860
0!
0"
#9865
1!
1"
b10110 '
b10110 $
#9870
0!
0"
#9875
1!
1"
b10111 '
b10111 $
#9880
0!
0"
#9885
1!
1"
b11000 '
b11000 $
#9890
0!
0"
#9895
1!
1"
b11001 '
b11001 $
#9900
0!
0"
#9905
1!
1"
b11010 '
b11010 $
#9910
0!
0"
#9915
1!
1"
b11011 '
b11011 $
#9920
0!
0"
#9925
1!
1"
b11100 '
b11100 $
#9930
0!
0"
#9935
1!
1"
b11101 '
b11101 $
#9940
0!
0"
#9945
1!
1"
b11110 '
b11110 $
#9950
0!
0"
#9955
1!
1"
b11111 '
b11111 $
#9960
0!
0"
#9965
1!
1"
b100000 '
b100000 $
#9970
0!
0"
#9975
1!
1"
b100001 '
b100001 $
#9980
0!
0"
#9985
1!
1"
b100010 '
b100010 $
#9990
0!
0"
#9995
1!
1"
b100011 '
b100011 $
#10000
0!
0"
#10005
1!
1"
b100100 '
b100100 $
#10010
0!
0"
#10015
1!
1"
b100101 '
b100101 $
#10020
0!
0"
#10025
1!
1"
b100110 '
b100110 $
#10030
0!
0"
#10035
1!
1"
b100111 '
b100111 $
#10040
0!
0"
#10045
1!
1"
b101000 '
b101000 $
#10050
0!
0"
#10055
1!
1"
b101001 '
b101001 $
#10060
0!
0"
#10065
1!
1"
b101010 '
b101010 $
#10070
0!
0"
#10075
1!
1"
b101011 '
b101011 $
#10080
0!
0"
#10085
1!
1"
b101100 '
b101100 $
#10090
0!
0"
#10095
1!
1"
b101101 '
b101101 $
#10100
0!
0"
#10105
1!
1"
b101110 '
b101110 $
#10110
0!
0"
#10115
1!
1"
b101111 '
b101111 $
#10120
0!
0"
#10125
1!
1"
b110000 '
b110000 $
#10130
0!
0"
#10135
1!
1"
b110001 '
b110001 $
#10140
0!
0"
#10145
1!
1"
b110010 '
b110010 $
#10150
0!
0"
#10155
1!
1"
b110011 '
b110011 $
#10160
0!
0"
#10165
1!
1"
b110100 '
b110100 $
#10170
0!
0"
#10175
1!
1"
b110101 '
b110101 $
#10180
0!
0"
#10185
1!
1"
b110110 '
b110110 $
#10190
0!
0"
#10195
1!
1"
b110111 '
b110111 $
#10200
0!
0"
#10205
1!
1"
b111000 '
b111000 $
#10210
0!
0"
#10215
1!
1"
b111001 '
b111001 $
#10220
0!
0"
#10225
1!
1"
b111010 '
b111010 $
#10230
0!
0"
#10235
1!
1"
b111011 '
b111011 $
#10240
0!
0"
#10245
1!
1"
b0 '
b10001 (
b10001 %
b0 $
#10250
0!
0"
#10255
1!
1"
b1 '
b1 $
#10260
0!
0"
#10265
1!
1"
b10 '
b10 $
#10270
0!
0"
#10275
1!
1"
b11 '
b11 $
#10280
0!
0"
#10285
1!
1"
b100 '
b100 $
#10290
0!
0"
#10295
1!
1"
b101 '
b101 $
#10300
0!
0"
#10305
1!
1"
b110 '
b110 $
#10310
0!
0"
#10315
1!
1"
b111 '
b111 $
#10320
0!
0"
#10325
1!
1"
b1000 '
b1000 $
#10330
0!
0"
#10335
1!
1"
b1001 '
b1001 $
#10340
0!
0"
#10345
1!
1"
b1010 '
b1010 $
#10350
0!
0"
#10355
1!
1"
b1011 '
b1011 $
#10360
0!
0"
#10365
1!
1"
b1100 '
b1100 $
#10370
0!
0"
#10375
1!
1"
b1101 '
b1101 $
#10380
0!
0"
#10385
1!
1"
b1110 '
b1110 $
#10390
0!
0"
#10395
1!
1"
b1111 '
b1111 $
#10400
0!
0"
#10405
1!
1"
b10000 '
b10000 $
#10410
0!
0"
#10415
1!
1"
b10001 '
b10001 $
#10420
0!
0"
#10425
1!
1"
b10010 '
b10010 $
#10430
0!
0"
#10435
1!
1"
b10011 '
b10011 $
#10440
0!
0"
#10445
1!
1"
b10100 '
b10100 $
#10450
0!
0"
#10455
1!
1"
b10101 '
b10101 $
#10460
0!
0"
#10465
1!
1"
b10110 '
b10110 $
#10470
0!
0"
#10475
1!
1"
b10111 '
b10111 $
#10480
0!
0"
#10485
1!
1"
b11000 '
b11000 $
#10490
0!
0"
#10495
1!
1"
b11001 '
b11001 $
#10500
0!
0"
#10505
1!
1"
b11010 '
b11010 $
#10510
0!
0"
#10515
1!
1"
b11011 '
b11011 $
#10520
0!
0"
#10525
1!
1"
b11100 '
b11100 $
#10530
0!
0"
#10535
1!
1"
b11101 '
b11101 $
#10540
0!
0"
#10545
1!
1"
b11110 '
b11110 $
#10550
0!
0"
#10555
1!
1"
b11111 '
b11111 $
#10560
0!
0"
#10565
1!
1"
b100000 '
b100000 $
#10570
0!
0"
#10575
1!
1"
b100001 '
b100001 $
#10580
0!
0"
#10585
1!
1"
b100010 '
b100010 $
#10590
0!
0"
#10595
1!
1"
b100011 '
b100011 $
#10600
0!
0"
#10605
1!
1"
b100100 '
b100100 $
#10610
0!
0"
#10615
1!
1"
b100101 '
b100101 $
#10620
0!
0"
#10625
1!
1"
b100110 '
b100110 $
#10630
0!
0"
#10635
1!
1"
b100111 '
b100111 $
#10640
0!
0"
#10645
1!
1"
b101000 '
b101000 $
#10650
0!
0"
#10655
1!
1"
b101001 '
b101001 $
#10660
0!
0"
#10665
1!
1"
b101010 '
b101010 $
#10670
0!
0"
#10675
1!
1"
b101011 '
b101011 $
#10680
0!
0"
#10685
1!
1"
b101100 '
b101100 $
#10690
0!
0"
#10695
1!
1"
b101101 '
b101101 $
#10700
0!
0"
#10705
1!
1"
b101110 '
b101110 $
#10710
0!
0"
#10715
1!
1"
b101111 '
b101111 $
#10720
0!
0"
#10725
1!
1"
b110000 '
b110000 $
#10730
0!
0"
#10735
1!
1"
b110001 '
b110001 $
#10740
0!
0"
#10745
1!
1"
b110010 '
b110010 $
#10750
0!
0"
#10755
1!
1"
b110011 '
b110011 $
#10760
0!
0"
#10765
1!
1"
b110100 '
b110100 $
#10770
0!
0"
#10775
1!
1"
b110101 '
b110101 $
#10780
0!
0"
#10785
1!
1"
b110110 '
b110110 $
#10790
0!
0"
#10795
1!
1"
b110111 '
b110111 $
#10800
0!
0"
#10805
1!
1"
b111000 '
b111000 $
#10810
0!
0"
#10815
1!
1"
b111001 '
b111001 $
#10820
0!
0"
#10825
1!
1"
b111010 '
b111010 $
#10830
0!
0"
#10835
1!
1"
b111011 '
b111011 $
#10840
0!
0"
#10845
1!
1"
b0 '
b10010 (
b10010 %
b0 $
#10850
0!
0"
#10855
1!
1"
b1 '
b1 $
#10860
0!
0"
#10865
1!
1"
b10 '
b10 $
#10870
0!
0"
#10875
1!
1"
b11 '
b11 $
#10880
0!
0"
#10885
1!
1"
b100 '
b100 $
#10890
0!
0"
#10895
1!
1"
b101 '
b101 $
#10900
0!
0"
#10905
1!
1"
b110 '
b110 $
#10910
0!
0"
#10915
1!
1"
b111 '
b111 $
#10920
0!
0"
#10925
1!
1"
b1000 '
b1000 $
#10930
0!
0"
#10935
1!
1"
b1001 '
b1001 $
#10940
0!
0"
#10945
1!
1"
b1010 '
b1010 $
#10950
0!
0"
#10955
1!
1"
b1011 '
b1011 $
#10960
0!
0"
#10965
1!
1"
b1100 '
b1100 $
#10970
0!
0"
#10975
1!
1"
b1101 '
b1101 $
#10980
0!
0"
#10985
1!
1"
b1110 '
b1110 $
#10990
0!
0"
#10995
1!
1"
b1111 '
b1111 $
#11000
0!
0"
#11005
1!
1"
b10000 '
b10000 $
#11010
0!
0"
#11015
1!
1"
b10001 '
b10001 $
#11020
0!
0"
#11025
1!
1"
b10010 '
b10010 $
#11030
0!
0"
#11035
1!
1"
b10011 '
b10011 $
#11040
0!
0"
#11045
1!
1"
b10100 '
b10100 $
#11050
0!
0"
#11055
1!
1"
b10101 '
b10101 $
#11060
0!
0"
#11065
1!
1"
b10110 '
b10110 $
#11070
0!
0"
#11075
1!
1"
b10111 '
b10111 $
#11080
0!
0"
#11085
1!
1"
b11000 '
b11000 $
#11090
0!
0"
#11095
1!
1"
b11001 '
b11001 $
#11100
0!
0"
#11105
1!
1"
b11010 '
b11010 $
#11110
0!
0"
#11115
1!
1"
b11011 '
b11011 $
#11120
0!
0"
#11125
1!
1"
b11100 '
b11100 $
#11130
0!
0"
#11135
1!
1"
b11101 '
b11101 $
#11140
0!
0"
#11145
1!
1"
b11110 '
b11110 $
#11150
0!
0"
#11155
1!
1"
b11111 '
b11111 $
#11160
0!
0"
#11165
1!
1"
b100000 '
b100000 $
#11170
0!
0"
#11175
1!
1"
b100001 '
b100001 $
#11180
0!
0"
#11185
1!
1"
b100010 '
b100010 $
#11190
0!
0"
#11195
1!
1"
b100011 '
b100011 $
#11200
0!
0"
#11205
1!
1"
b100100 '
b100100 $
#11210
0!
0"
#11215
1!
1"
b100101 '
b100101 $
#11220
0!
0"
#11225
1!
1"
b100110 '
b100110 $
#11230
0!
0"
#11235
1!
1"
b100111 '
b100111 $
#11240
0!
0"
#11245
1!
1"
b101000 '
b101000 $
#11250
0!
0"
#11255
1!
1"
b101001 '
b101001 $
#11260
0!
0"
#11265
1!
1"
b101010 '
b101010 $
#11270
0!
0"
#11275
1!
1"
b101011 '
b101011 $
#11280
0!
0"
#11285
1!
1"
b101100 '
b101100 $
#11290
0!
0"
#11295
1!
1"
b101101 '
b101101 $
#11300
0!
0"
#11305
1!
1"
b101110 '
b101110 $
#11310
0!
0"
#11315
1!
1"
b101111 '
b101111 $
#11320
0!
0"
#11325
1!
1"
b110000 '
b110000 $
#11330
0!
0"
#11335
1!
1"
b110001 '
b110001 $
#11340
0!
0"
#11345
1!
1"
b110010 '
b110010 $
#11350
0!
0"
#11355
1!
1"
b110011 '
b110011 $
#11360
0!
0"
#11365
1!
1"
b110100 '
b110100 $
#11370
0!
0"
#11375
1!
1"
b110101 '
b110101 $
#11380
0!
0"
#11385
1!
1"
b110110 '
b110110 $
#11390
0!
0"
#11395
1!
1"
b110111 '
b110111 $
#11400
0!
0"
#11405
1!
1"
b111000 '
b111000 $
#11410
0!
0"
#11415
1!
1"
b111001 '
b111001 $
#11420
0!
0"
#11425
1!
1"
b111010 '
b111010 $
#11430
0!
0"
#11435
1!
1"
b111011 '
b111011 $
#11440
0!
0"
#11445
1!
1"
b0 '
b10011 (
b10011 %
b0 $
#11450
0!
0"
#11455
1!
1"
b1 '
b1 $
#11460
0!
0"
#11465
1!
1"
b10 '
b10 $
#11470
0!
0"
#11475
1!
1"
b11 '
b11 $
#11480
0!
0"
#11485
1!
1"
b100 '
b100 $
#11490
0!
0"
#11495
1!
1"
b101 '
b101 $
#11500
0!
0"
#11505
1!
1"
b110 '
b110 $
#11510
0!
0"
#11515
1!
1"
b111 '
b111 $
#11520
0!
0"
#11525
1!
1"
b1000 '
b1000 $
#11530
0!
0"
#11535
1!
1"
b1001 '
b1001 $
#11540
0!
0"
#11545
1!
1"
b1010 '
b1010 $
#11550
0!
0"
#11555
1!
1"
b1011 '
b1011 $
#11560
0!
0"
#11565
1!
1"
b1100 '
b1100 $
#11570
0!
0"
#11575
1!
1"
b1101 '
b1101 $
#11580
0!
0"
#11585
1!
1"
b1110 '
b1110 $
#11590
0!
0"
#11595
1!
1"
b1111 '
b1111 $
#11600
0!
0"
#11605
1!
1"
b10000 '
b10000 $
#11610
0!
0"
#11615
1!
1"
b10001 '
b10001 $
#11620
0!
0"
#11625
1!
1"
b10010 '
b10010 $
#11630
0!
0"
#11635
1!
1"
b10011 '
b10011 $
#11640
0!
0"
#11645
1!
1"
b10100 '
b10100 $
#11650
0!
0"
#11655
1!
1"
b10101 '
b10101 $
#11660
0!
0"
#11665
1!
1"
b10110 '
b10110 $
#11670
0!
0"
#11675
1!
1"
b10111 '
b10111 $
#11680
0!
0"
#11685
1!
1"
b11000 '
b11000 $
#11690
0!
0"
#11695
1!
1"
b11001 '
b11001 $
#11700
0!
0"
#11705
1!
1"
b11010 '
b11010 $
#11710
0!
0"
#11715
1!
1"
b11011 '
b11011 $
#11720
0!
0"
#11725
1!
1"
b11100 '
b11100 $
#11730
0!
0"
#11735
1!
1"
b11101 '
b11101 $
#11740
0!
0"
#11745
1!
1"
b11110 '
b11110 $
#11750
0!
0"
#11755
1!
1"
b11111 '
b11111 $
#11760
0!
0"
#11765
1!
1"
b100000 '
b100000 $
#11770
0!
0"
#11775
1!
1"
b100001 '
b100001 $
#11780
0!
0"
#11785
1!
1"
b100010 '
b100010 $
#11790
0!
0"
#11795
1!
1"
b100011 '
b100011 $
#11800
0!
0"
#11805
1!
1"
b100100 '
b100100 $
#11810
0!
0"
#11815
1!
1"
b100101 '
b100101 $
#11820
0!
0"
#11825
1!
1"
b100110 '
b100110 $
#11830
0!
0"
#11835
1!
1"
b100111 '
b100111 $
#11840
0!
0"
#11845
1!
1"
b101000 '
b101000 $
#11850
0!
0"
#11855
1!
1"
b101001 '
b101001 $
#11860
0!
0"
#11865
1!
1"
b101010 '
b101010 $
#11870
0!
0"
#11875
1!
1"
b101011 '
b101011 $
#11880
0!
0"
#11885
1!
1"
b101100 '
b101100 $
#11890
0!
0"
#11895
1!
1"
b101101 '
b101101 $
#11900
0!
0"
#11905
1!
1"
b101110 '
b101110 $
#11910
0!
0"
#11915
1!
1"
b101111 '
b101111 $
#11920
0!
0"
#11925
1!
1"
b110000 '
b110000 $
#11930
0!
0"
#11935
1!
1"
b110001 '
b110001 $
#11940
0!
0"
#11945
1!
1"
b110010 '
b110010 $
#11950
0!
0"
#11955
1!
1"
b110011 '
b110011 $
#11960
0!
0"
#11965
1!
1"
b110100 '
b110100 $
#11970
0!
0"
#11975
1!
1"
b110101 '
b110101 $
#11980
0!
0"
#11985
1!
1"
b110110 '
b110110 $
#11990
0!
0"
#11995
1!
1"
b110111 '
b110111 $
#12000
0!
0"
#12005
1!
1"
b111000 '
b111000 $
#12010
0!
0"
#12015
1!
1"
b111001 '
b111001 $
#12020
0!
0"
#12025
1!
1"
b111010 '
b111010 $
#12030
0!
0"
#12035
1!
1"
b111011 '
b111011 $
#12040
0!
0"
#12045
1!
1"
b0 '
b10100 (
b10100 %
b0 $
#12050
0!
0"
#12055
1!
1"
b1 '
b1 $
#12060
0!
0"
#12065
1!
1"
b10 '
b10 $
#12070
0!
0"
#12075
1!
1"
b11 '
b11 $
#12080
0!
0"
#12085
1!
1"
b100 '
b100 $
#12090
0!
0"
#12095
1!
1"
b101 '
b101 $
#12100
0!
0"
#12105
1!
1"
b110 '
b110 $
#12110
0!
0"
#12115
1!
1"
b111 '
b111 $
#12120
0!
0"
#12125
1!
1"
b1000 '
b1000 $
#12130
0!
0"
#12135
1!
1"
b1001 '
b1001 $
#12140
0!
0"
#12145
1!
1"
b1010 '
b1010 $
#12150
0!
0"
#12155
1!
1"
b1011 '
b1011 $
#12160
0!
0"
#12165
1!
1"
b1100 '
b1100 $
#12170
0!
0"
#12175
1!
1"
b1101 '
b1101 $
#12180
0!
0"
#12185
1!
1"
b1110 '
b1110 $
#12190
0!
0"
#12195
1!
1"
b1111 '
b1111 $
#12200
0!
0"
#12205
1!
1"
b10000 '
b10000 $
#12210
0!
0"
#12215
1!
1"
b10001 '
b10001 $
#12220
0!
0"
#12225
1!
1"
b10010 '
b10010 $
#12230
0!
0"
#12235
1!
1"
b10011 '
b10011 $
#12240
0!
0"
#12245
1!
1"
b10100 '
b10100 $
#12250
0!
0"
#12255
1!
1"
b10101 '
b10101 $
#12260
0!
0"
#12265
1!
1"
b10110 '
b10110 $
#12270
0!
0"
#12275
1!
1"
b10111 '
b10111 $
#12280
0!
0"
#12285
1!
1"
b11000 '
b11000 $
#12290
0!
0"
#12295
1!
1"
b11001 '
b11001 $
#12300
0!
0"
#12305
1!
1"
b11010 '
b11010 $
#12310
0!
0"
#12315
1!
1"
b11011 '
b11011 $
#12320
0!
0"
#12325
1!
1"
b11100 '
b11100 $
#12330
0!
0"
#12335
1!
1"
b11101 '
b11101 $
#12340
0!
0"
#12345
1!
1"
b11110 '
b11110 $
#12350
0!
0"
#12355
1!
1"
b11111 '
b11111 $
#12360
0!
0"
#12365
1!
1"
b100000 '
b100000 $
#12370
0!
0"
#12375
1!
1"
b100001 '
b100001 $
#12380
0!
0"
#12385
1!
1"
b100010 '
b100010 $
#12390
0!
0"
#12395
1!
1"
b100011 '
b100011 $
#12400
0!
0"
#12405
1!
1"
b100100 '
b100100 $
#12410
0!
0"
#12415
1!
1"
b100101 '
b100101 $
#12420
0!
0"
#12425
1!
1"
b100110 '
b100110 $
#12430
0!
0"
#12435
1!
1"
b100111 '
b100111 $
#12440
0!
0"
#12445
1!
1"
b101000 '
b101000 $
#12450
0!
0"
#12455
1!
1"
b101001 '
b101001 $
#12460
0!
0"
#12465
1!
1"
b101010 '
b101010 $
#12470
0!
0"
#12475
1!
1"
b101011 '
b101011 $
#12480
0!
0"
#12485
1!
1"
b101100 '
b101100 $
#12490
0!
0"
#12495
1!
1"
b101101 '
b101101 $
#12500
0!
0"
#12505
1!
1"
b101110 '
b101110 $
#12510
0!
0"
#12515
1!
1"
b101111 '
b101111 $
#12520
0!
0"
#12525
1!
1"
b110000 '
b110000 $
#12530
0!
0"
#12535
1!
1"
b110001 '
b110001 $
#12540
0!
0"
#12545
1!
1"
b110010 '
b110010 $
#12550
0!
0"
#12555
1!
1"
b110011 '
b110011 $
#12560
0!
0"
#12565
1!
1"
b110100 '
b110100 $
#12570
0!
0"
#12575
1!
1"
b110101 '
b110101 $
#12580
0!
0"
#12585
1!
1"
b110110 '
b110110 $
#12590
0!
0"
#12595
1!
1"
b110111 '
b110111 $
#12600
0!
0"
#12605
1!
1"
b111000 '
b111000 $
#12610
0!
0"
#12615
1!
1"
b111001 '
b111001 $
#12620
0!
0"
#12625
1!
1"
b111010 '
b111010 $
#12630
0!
0"
#12635
1!
1"
b111011 '
b111011 $
#12640
0!
0"
#12645
1!
1"
b0 '
b10101 (
b10101 %
b0 $
#12650
0!
0"
#12655
1!
1"
b1 '
b1 $
#12660
0!
0"
#12665
1!
1"
b10 '
b10 $
#12670
0!
0"
#12675
1!
1"
b11 '
b11 $
#12680
0!
0"
#12685
1!
1"
b100 '
b100 $
#12690
0!
0"
#12695
1!
1"
b101 '
b101 $
#12700
0!
0"
#12705
1!
1"
b110 '
b110 $
#12710
0!
0"
#12715
1!
1"
b111 '
b111 $
#12720
0!
0"
#12725
1!
1"
b1000 '
b1000 $
#12730
0!
0"
#12735
1!
1"
b1001 '
b1001 $
#12740
0!
0"
#12745
1!
1"
b1010 '
b1010 $
#12750
0!
0"
#12755
1!
1"
b1011 '
b1011 $
#12760
0!
0"
#12765
1!
1"
b1100 '
b1100 $
#12770
0!
0"
#12775
1!
1"
b1101 '
b1101 $
#12780
0!
0"
#12785
1!
1"
b1110 '
b1110 $
#12790
0!
0"
#12795
1!
1"
b1111 '
b1111 $
#12800
0!
0"
#12805
1!
1"
b10000 '
b10000 $
#12810
0!
0"
#12815
1!
1"
b10001 '
b10001 $
#12820
0!
0"
#12825
1!
1"
b10010 '
b10010 $
#12830
0!
0"
#12835
1!
1"
b10011 '
b10011 $
#12840
0!
0"
#12845
1!
1"
b10100 '
b10100 $
#12850
0!
0"
#12855
1!
1"
b10101 '
b10101 $
#12860
0!
0"
#12865
1!
1"
b10110 '
b10110 $
#12870
0!
0"
#12875
1!
1"
b10111 '
b10111 $
#12880
0!
0"
#12885
1!
1"
b11000 '
b11000 $
#12890
0!
0"
#12895
1!
1"
b11001 '
b11001 $
#12900
0!
0"
#12905
1!
1"
b11010 '
b11010 $
#12910
0!
0"
#12915
1!
1"
b11011 '
b11011 $
#12920
0!
0"
#12925
1!
1"
b11100 '
b11100 $
#12930
0!
0"
#12935
1!
1"
b11101 '
b11101 $
#12940
0!
0"
#12945
1!
1"
b11110 '
b11110 $
#12950
0!
0"
#12955
1!
1"
b11111 '
b11111 $
#12960
0!
0"
#12965
1!
1"
b100000 '
b100000 $
#12970
0!
0"
#12975
1!
1"
b100001 '
b100001 $
#12980
0!
0"
#12985
1!
1"
b100010 '
b100010 $
#12990
0!
0"
#12995
1!
1"
b100011 '
b100011 $
#13000
0!
0"
#13005
1!
1"
b100100 '
b100100 $
#13010
0!
0"
#13015
1!
1"
b100101 '
b100101 $
#13020
0!
0"
#13025
1!
1"
b100110 '
b100110 $
#13030
0!
0"
#13035
1!
1"
b100111 '
b100111 $
#13040
0!
0"
#13045
1!
1"
b101000 '
b101000 $
#13050
0!
0"
#13055
1!
1"
b101001 '
b101001 $
#13060
0!
0"
#13065
1!
1"
b101010 '
b101010 $
#13070
0!
0"
#13075
1!
1"
b101011 '
b101011 $
#13080
0!
0"
#13085
1!
1"
b101100 '
b101100 $
#13090
0!
0"
#13095
1!
1"
b101101 '
b101101 $
#13100
0!
0"
#13105
1!
1"
b101110 '
b101110 $
#13110
0!
0"
#13115
1!
1"
b101111 '
b101111 $
#13120
0!
0"
#13125
1!
1"
b110000 '
b110000 $
#13130
0!
0"
#13135
1!
1"
b110001 '
b110001 $
#13140
0!
0"
#13145
1!
1"
b110010 '
b110010 $
#13150
0!
0"
#13155
1!
1"
b110011 '
b110011 $
#13160
0!
0"
#13165
1!
1"
b110100 '
b110100 $
#13170
0!
0"
#13175
1!
1"
b110101 '
b110101 $
#13180
0!
0"
#13185
1!
1"
b110110 '
b110110 $
#13190
0!
0"
#13195
1!
1"
b110111 '
b110111 $
#13200
0!
0"
#13205
1!
1"
b111000 '
b111000 $
#13210
0!
0"
#13215
1!
1"
b111001 '
b111001 $
#13220
0!
0"
#13225
1!
1"
b111010 '
b111010 $
#13230
0!
0"
#13235
1!
1"
b111011 '
b111011 $
#13240
0!
0"
#13245
1!
1"
b0 '
b10110 (
b10110 %
b0 $
#13250
0!
0"
#13255
1!
1"
b1 '
b1 $
#13260
0!
0"
#13265
1!
1"
b10 '
b10 $
#13270
0!
0"
#13275
1!
1"
b11 '
b11 $
#13280
0!
0"
#13285
1!
1"
b100 '
b100 $
#13290
0!
0"
#13295
1!
1"
b101 '
b101 $
#13300
0!
0"
#13305
1!
1"
b110 '
b110 $
#13310
0!
0"
#13315
1!
1"
b111 '
b111 $
#13320
0!
0"
#13325
1!
1"
b1000 '
b1000 $
#13330
0!
0"
#13335
1!
1"
b1001 '
b1001 $
#13340
0!
0"
#13345
1!
1"
b1010 '
b1010 $
#13350
0!
0"
#13355
1!
1"
b1011 '
b1011 $
#13360
0!
0"
#13365
1!
1"
b1100 '
b1100 $
#13370
0!
0"
#13375
1!
1"
b1101 '
b1101 $
#13380
0!
0"
#13385
1!
1"
b1110 '
b1110 $
#13390
0!
0"
#13395
1!
1"
b1111 '
b1111 $
#13400
0!
0"
#13405
1!
1"
b10000 '
b10000 $
#13410
0!
0"
#13415
1!
1"
b10001 '
b10001 $
#13420
0!
0"
#13425
1!
1"
b10010 '
b10010 $
#13430
0!
0"
#13435
1!
1"
b10011 '
b10011 $
#13440
0!
0"
#13445
1!
1"
b10100 '
b10100 $
#13450
0!
0"
#13455
1!
1"
b10101 '
b10101 $
#13460
0!
0"
#13465
1!
1"
b10110 '
b10110 $
#13470
0!
0"
#13475
1!
1"
b10111 '
b10111 $
#13480
0!
0"
#13485
1!
1"
b11000 '
b11000 $
#13490
0!
0"
#13495
1!
1"
b11001 '
b11001 $
#13500
0!
0"
#13505
1!
1"
b11010 '
b11010 $
#13510
0!
0"
#13515
1!
1"
b11011 '
b11011 $
#13520
0!
0"
#13525
1!
1"
b11100 '
b11100 $
#13530
0!
0"
#13535
1!
1"
b11101 '
b11101 $
#13540
0!
0"
#13545
1!
1"
b11110 '
b11110 $
#13550
0!
0"
#13555
1!
1"
b11111 '
b11111 $
#13560
0!
0"
#13565
1!
1"
b100000 '
b100000 $
#13570
0!
0"
#13575
1!
1"
b100001 '
b100001 $
#13580
0!
0"
#13585
1!
1"
b100010 '
b100010 $
#13590
0!
0"
#13595
1!
1"
b100011 '
b100011 $
#13600
0!
0"
#13605
1!
1"
b100100 '
b100100 $
#13610
0!
0"
#13615
1!
1"
b100101 '
b100101 $
#13620
0!
0"
#13625
1!
1"
b100110 '
b100110 $
#13630
0!
0"
#13635
1!
1"
b100111 '
b100111 $
#13640
0!
0"
#13645
1!
1"
b101000 '
b101000 $
#13650
0!
0"
#13655
1!
1"
b101001 '
b101001 $
#13660
0!
0"
#13665
1!
1"
b101010 '
b101010 $
#13670
0!
0"
#13675
1!
1"
b101011 '
b101011 $
#13680
0!
0"
#13685
1!
1"
b101100 '
b101100 $
#13690
0!
0"
#13695
1!
1"
b101101 '
b101101 $
#13700
0!
0"
#13705
1!
1"
b101110 '
b101110 $
#13710
0!
0"
#13715
1!
1"
b101111 '
b101111 $
#13720
0!
0"
#13725
1!
1"
b110000 '
b110000 $
#13730
0!
0"
#13735
1!
1"
b110001 '
b110001 $
#13740
0!
0"
#13745
1!
1"
b110010 '
b110010 $
#13750
0!
0"
#13755
1!
1"
b110011 '
b110011 $
#13760
0!
0"
#13765
1!
1"
b110100 '
b110100 $
#13770
0!
0"
#13775
1!
1"
b110101 '
b110101 $
#13780
0!
0"
#13785
1!
1"
b110110 '
b110110 $
#13790
0!
0"
#13795
1!
1"
b110111 '
b110111 $
#13800
0!
0"
#13805
1!
1"
b111000 '
b111000 $
#13810
0!
0"
#13815
1!
1"
b111001 '
b111001 $
#13820
0!
0"
#13825
1!
1"
b111010 '
b111010 $
#13830
0!
0"
#13835
1!
1"
b111011 '
b111011 $
#13840
0!
0"
#13845
1!
1"
b0 '
b10111 (
b10111 %
b0 $
#13850
0!
0"
#13855
1!
1"
b1 '
b1 $
#13860
0!
0"
#13865
1!
1"
b10 '
b10 $
#13870
0!
0"
#13875
1!
1"
b11 '
b11 $
#13880
0!
0"
#13885
1!
1"
b100 '
b100 $
#13890
0!
0"
#13895
1!
1"
b101 '
b101 $
#13900
0!
0"
#13905
1!
1"
b110 '
b110 $
#13910
0!
0"
#13915
1!
1"
b111 '
b111 $
#13920
0!
0"
#13925
1!
1"
b1000 '
b1000 $
#13930
0!
0"
#13935
1!
1"
b1001 '
b1001 $
#13940
0!
0"
#13945
1!
1"
b1010 '
b1010 $
#13950
0!
0"
#13955
1!
1"
b1011 '
b1011 $
#13960
0!
0"
#13965
1!
1"
b1100 '
b1100 $
#13970
0!
0"
#13975
1!
1"
b1101 '
b1101 $
#13980
0!
0"
#13985
1!
1"
b1110 '
b1110 $
#13990
0!
0"
#13995
1!
1"
b1111 '
b1111 $
#14000
0!
0"
#14005
1!
1"
b10000 '
b10000 $
#14010
0!
0"
#14015
1!
1"
b10001 '
b10001 $
#14020
0!
0"
#14025
1!
1"
b10010 '
b10010 $
#14030
0!
0"
#14035
1!
1"
b10011 '
b10011 $
#14040
0!
0"
#14045
1!
1"
b10100 '
b10100 $
#14050
0!
0"
#14055
1!
1"
b10101 '
b10101 $
#14060
0!
0"
#14065
1!
1"
b10110 '
b10110 $
#14070
0!
0"
#14075
1!
1"
b10111 '
b10111 $
#14080
0!
0"
#14085
1!
1"
b11000 '
b11000 $
#14090
0!
0"
#14095
1!
1"
b11001 '
b11001 $
#14100
0!
0"
#14105
1!
1"
b11010 '
b11010 $
#14110
0!
0"
#14115
1!
1"
b11011 '
b11011 $
#14120
0!
0"
#14125
1!
1"
b11100 '
b11100 $
#14130
0!
0"
#14135
1!
1"
b11101 '
b11101 $
#14140
0!
0"
#14145
1!
1"
b11110 '
b11110 $
#14150
0!
0"
#14155
1!
1"
b11111 '
b11111 $
#14160
0!
0"
#14165
1!
1"
b100000 '
b100000 $
#14170
0!
0"
#14175
1!
1"
b100001 '
b100001 $
#14180
0!
0"
#14185
1!
1"
b100010 '
b100010 $
#14190
0!
0"
#14195
1!
1"
b100011 '
b100011 $
#14200
0!
0"
#14205
1!
1"
b100100 '
b100100 $
#14210
0!
0"
#14215
1!
1"
b100101 '
b100101 $
#14220
0!
0"
#14225
1!
1"
b100110 '
b100110 $
#14230
0!
0"
#14235
1!
1"
b100111 '
b100111 $
#14240
0!
0"
#14245
1!
1"
b101000 '
b101000 $
#14250
0!
0"
#14255
1!
1"
b101001 '
b101001 $
#14260
0!
0"
#14265
1!
1"
b101010 '
b101010 $
#14270
0!
0"
#14275
1!
1"
b101011 '
b101011 $
#14280
0!
0"
#14285
1!
1"
b101100 '
b101100 $
#14290
0!
0"
#14295
1!
1"
b101101 '
b101101 $
#14300
0!
0"
#14305
1!
1"
b101110 '
b101110 $
#14310
0!
0"
#14315
1!
1"
b101111 '
b101111 $
#14320
0!
0"
#14325
1!
1"
b110000 '
b110000 $
#14330
0!
0"
#14335
1!
1"
b110001 '
b110001 $
#14340
0!
0"
#14345
1!
1"
b110010 '
b110010 $
#14350
0!
0"
#14355
1!
1"
b110011 '
b110011 $
#14360
0!
0"
#14365
1!
1"
b110100 '
b110100 $
#14370
0!
0"
#14375
1!
1"
b110101 '
b110101 $
#14380
0!
0"
#14385
1!
1"
b110110 '
b110110 $
#14390
0!
0"
#14395
1!
1"
b110111 '
b110111 $
#14400
0!
0"
#14405
1!
1"
b111000 '
b111000 $
#14410
0!
0"
#14415
1!
1"
b111001 '
b111001 $
#14420
0!
0"
#14425
1!
1"
b111010 '
b111010 $
#14430
0!
0"
#14435
1!
1"
b111011 '
b111011 $
#14440
0!
0"
#14445
1!
1"
b0 '
b11000 (
b11000 %
b0 $
#14450
0!
0"
#14455
1!
1"
b1 '
b1 $
#14460
0!
0"
#14465
1!
1"
b10 '
b10 $
#14470
0!
0"
#14475
1!
1"
b11 '
b11 $
#14480
0!
0"
#14485
1!
1"
b100 '
b100 $
#14490
0!
0"
#14495
1!
1"
b101 '
b101 $
#14500
0!
0"
#14505
1!
1"
b110 '
b110 $
#14510
0!
0"
#14515
1!
1"
b111 '
b111 $
#14520
0!
0"
#14525
1!
1"
b1000 '
b1000 $
#14530
0!
0"
#14535
1!
1"
b1001 '
b1001 $
#14540
0!
0"
#14545
1!
1"
b1010 '
b1010 $
#14550
0!
0"
#14555
1!
1"
b1011 '
b1011 $
#14560
0!
0"
#14565
1!
1"
b1100 '
b1100 $
#14570
0!
0"
#14575
1!
1"
b1101 '
b1101 $
#14580
0!
0"
#14585
1!
1"
b1110 '
b1110 $
#14590
0!
0"
#14595
1!
1"
b1111 '
b1111 $
#14600
0!
0"
#14605
1!
1"
b10000 '
b10000 $
#14610
0!
0"
#14615
1!
1"
b10001 '
b10001 $
#14620
0!
0"
#14625
1!
1"
b10010 '
b10010 $
#14630
0!
0"
#14635
1!
1"
b10011 '
b10011 $
#14640
0!
0"
#14645
1!
1"
b10100 '
b10100 $
#14650
0!
0"
#14655
1!
1"
b10101 '
b10101 $
#14660
0!
0"
#14665
1!
1"
b10110 '
b10110 $
#14670
0!
0"
#14675
1!
1"
b10111 '
b10111 $
#14680
0!
0"
#14685
1!
1"
b11000 '
b11000 $
#14690
0!
0"
#14695
1!
1"
b11001 '
b11001 $
#14700
0!
0"
#14705
1!
1"
b11010 '
b11010 $
#14710
0!
0"
#14715
1!
1"
b11011 '
b11011 $
#14720
0!
0"
#14725
1!
1"
b11100 '
b11100 $
#14730
0!
0"
#14735
1!
1"
b11101 '
b11101 $
#14740
0!
0"
#14745
1!
1"
b11110 '
b11110 $
#14750
0!
0"
#14755
1!
1"
b11111 '
b11111 $
#14760
0!
0"
#14765
1!
1"
b100000 '
b100000 $
#14770
0!
0"
#14775
1!
1"
b100001 '
b100001 $
#14780
0!
0"
#14785
1!
1"
b100010 '
b100010 $
#14790
0!
0"
#14795
1!
1"
b100011 '
b100011 $
#14800
0!
0"
#14805
1!
1"
b100100 '
b100100 $
#14810
0!
0"
#14815
1!
1"
b100101 '
b100101 $
#14820
0!
0"
#14825
1!
1"
b100110 '
b100110 $
#14830
0!
0"
#14835
1!
1"
b100111 '
b100111 $
#14840
0!
0"
#14845
1!
1"
b101000 '
b101000 $
#14850
0!
0"
#14855
1!
1"
b101001 '
b101001 $
#14860
0!
0"
#14865
1!
1"
b101010 '
b101010 $
#14870
0!
0"
#14875
1!
1"
b101011 '
b101011 $
#14880
0!
0"
#14885
1!
1"
b101100 '
b101100 $
#14890
0!
0"
#14895
1!
1"
b101101 '
b101101 $
#14900
0!
0"
#14905
1!
1"
b101110 '
b101110 $
#14910
0!
0"
#14915
1!
1"
b101111 '
b101111 $
#14920
0!
0"
#14925
1!
1"
b110000 '
b110000 $
#14930
0!
0"
#14935
1!
1"
b110001 '
b110001 $
#14940
0!
0"
#14945
1!
1"
b110010 '
b110010 $
#14950
0!
0"
#14955
1!
1"
b110011 '
b110011 $
#14960
0!
0"
#14965
1!
1"
b110100 '
b110100 $
#14970
0!
0"
#14975
1!
1"
b110101 '
b110101 $
#14980
0!
0"
#14985
1!
1"
b110110 '
b110110 $
#14990
0!
0"
#14995
1!
1"
b110111 '
b110111 $
#15000
0!
0"
#15005
1!
1"
b111000 '
b111000 $
#15010
0!
0"
#15015
1!
1"
b111001 '
b111001 $
#15020
0!
0"
#15025
1!
1"
b111010 '
b111010 $
#15030
0!
0"
#15035
1!
1"
b111011 '
b111011 $
#15040
0!
0"
#15045
1!
1"
b0 '
b11001 (
b11001 %
b0 $
#15050
0!
0"
#15055
1!
1"
b1 '
b1 $
#15060
0!
0"
#15065
1!
1"
b10 '
b10 $
#15070
0!
0"
#15075
1!
1"
b11 '
b11 $
#15080
0!
0"
#15085
1!
1"
b100 '
b100 $
#15090
0!
0"
#15095
1!
1"
b101 '
b101 $
#15100
0!
0"
#15105
1!
1"
b110 '
b110 $
#15110
0!
0"
#15115
1!
1"
b111 '
b111 $
#15120
0!
0"
#15125
1!
1"
b1000 '
b1000 $
#15130
0!
0"
#15135
1!
1"
b1001 '
b1001 $
#15140
0!
0"
#15145
1!
1"
b1010 '
b1010 $
#15150
0!
0"
#15155
1!
1"
b1011 '
b1011 $
#15160
0!
0"
#15165
1!
1"
b1100 '
b1100 $
#15170
0!
0"
#15175
1!
1"
b1101 '
b1101 $
#15180
0!
0"
#15185
1!
1"
b1110 '
b1110 $
#15190
0!
0"
#15195
1!
1"
b1111 '
b1111 $
#15200
0!
0"
#15205
1!
1"
b10000 '
b10000 $
#15210
0!
0"
#15215
1!
1"
b10001 '
b10001 $
#15220
0!
0"
#15225
1!
1"
b10010 '
b10010 $
#15230
0!
0"
#15235
1!
1"
b10011 '
b10011 $
#15240
0!
0"
#15245
1!
1"
b10100 '
b10100 $
#15250
0!
0"
#15255
1!
1"
b10101 '
b10101 $
#15260
0!
0"
#15265
1!
1"
b10110 '
b10110 $
#15270
0!
0"
#15275
1!
1"
b10111 '
b10111 $
#15280
0!
0"
#15285
1!
1"
b11000 '
b11000 $
#15290
0!
0"
#15295
1!
1"
b11001 '
b11001 $
#15300
0!
0"
#15305
1!
1"
b11010 '
b11010 $
#15310
0!
0"
#15315
1!
1"
b11011 '
b11011 $
#15320
0!
0"
#15325
1!
1"
b11100 '
b11100 $
#15330
0!
0"
#15335
1!
1"
b11101 '
b11101 $
#15340
0!
0"
#15345
1!
1"
b11110 '
b11110 $
#15350
0!
0"
#15355
1!
1"
b11111 '
b11111 $
#15360
0!
0"
#15365
1!
1"
b100000 '
b100000 $
#15370
0!
0"
#15375
1!
1"
b100001 '
b100001 $
#15380
0!
0"
#15385
1!
1"
b100010 '
b100010 $
#15390
0!
0"
#15395
1!
1"
b100011 '
b100011 $
#15400
0!
0"
#15405
1!
1"
b100100 '
b100100 $
#15410
0!
0"
#15415
1!
1"
b100101 '
b100101 $
#15420
0!
0"
#15425
1!
1"
b100110 '
b100110 $
#15430
0!
0"
#15435
1!
1"
b100111 '
b100111 $
#15440
0!
0"
#15445
1!
1"
b101000 '
b101000 $
#15450
0!
0"
#15455
1!
1"
b101001 '
b101001 $
#15460
0!
0"
#15465
1!
1"
b101010 '
b101010 $
#15470
0!
0"
#15475
1!
1"
b101011 '
b101011 $
#15480
0!
0"
#15485
1!
1"
b101100 '
b101100 $
#15490
0!
0"
#15495
1!
1"
b101101 '
b101101 $
#15500
0!
0"
#15505
1!
1"
b101110 '
b101110 $
#15510
0!
0"
#15515
1!
1"
b101111 '
b101111 $
#15520
0!
0"
#15525
1!
1"
b110000 '
b110000 $
#15530
0!
0"
#15535
1!
1"
b110001 '
b110001 $
#15540
0!
0"
#15545
1!
1"
b110010 '
b110010 $
#15550
0!
0"
#15555
1!
1"
b110011 '
b110011 $
#15560
0!
0"
#15565
1!
1"
b110100 '
b110100 $
#15570
0!
0"
#15575
1!
1"
b110101 '
b110101 $
#15580
0!
0"
#15585
1!
1"
b110110 '
b110110 $
#15590
0!
0"
#15595
1!
1"
b110111 '
b110111 $
#15600
0!
0"
#15605
1!
1"
b111000 '
b111000 $
#15610
0!
0"
#15615
1!
1"
b111001 '
b111001 $
#15620
0!
0"
#15625
1!
1"
b111010 '
b111010 $
#15630
0!
0"
#15635
1!
1"
b111011 '
b111011 $
#15640
0!
0"
#15645
1!
1"
b0 '
b11010 (
b11010 %
b0 $
#15650
0!
0"
#15655
1!
1"
b1 '
b1 $
#15660
0!
0"
#15665
1!
1"
b10 '
b10 $
#15670
0!
0"
#15675
1!
1"
b11 '
b11 $
#15680
0!
0"
#15685
1!
1"
b100 '
b100 $
#15690
0!
0"
#15695
1!
1"
b101 '
b101 $
#15700
0!
0"
#15705
1!
1"
b110 '
b110 $
#15710
0!
0"
#15715
1!
1"
b111 '
b111 $
#15720
0!
0"
#15725
1!
1"
b1000 '
b1000 $
#15730
0!
0"
#15735
1!
1"
b1001 '
b1001 $
#15740
0!
0"
#15745
1!
1"
b1010 '
b1010 $
#15750
0!
0"
#15755
1!
1"
b1011 '
b1011 $
#15760
0!
0"
#15765
1!
1"
b1100 '
b1100 $
#15770
0!
0"
#15775
1!
1"
b1101 '
b1101 $
#15780
0!
0"
#15785
1!
1"
b1110 '
b1110 $
#15790
0!
0"
#15795
1!
1"
b1111 '
b1111 $
#15800
0!
0"
#15805
1!
1"
b10000 '
b10000 $
#15810
0!
0"
#15815
1!
1"
b10001 '
b10001 $
#15820
0!
0"
#15825
1!
1"
b10010 '
b10010 $
#15830
0!
0"
#15835
1!
1"
b10011 '
b10011 $
#15840
0!
0"
#15845
1!
1"
b10100 '
b10100 $
#15850
0!
0"
#15855
1!
1"
b10101 '
b10101 $
#15860
0!
0"
#15865
1!
1"
b10110 '
b10110 $
#15870
0!
0"
#15875
1!
1"
b10111 '
b10111 $
#15880
0!
0"
#15885
1!
1"
b11000 '
b11000 $
#15890
0!
0"
#15895
1!
1"
b11001 '
b11001 $
#15900
0!
0"
#15905
1!
1"
b11010 '
b11010 $
#15910
0!
0"
#15915
1!
1"
b11011 '
b11011 $
#15920
0!
0"
#15925
1!
1"
b11100 '
b11100 $
#15930
0!
0"
#15935
1!
1"
b11101 '
b11101 $
#15940
0!
0"
#15945
1!
1"
b11110 '
b11110 $
#15950
0!
0"
#15955
1!
1"
b11111 '
b11111 $
#15960
0!
0"
#15965
1!
1"
b100000 '
b100000 $
#15970
0!
0"
#15975
1!
1"
b100001 '
b100001 $
#15980
0!
0"
#15985
1!
1"
b100010 '
b100010 $
#15990
0!
0"
#15995
1!
1"
b100011 '
b100011 $
#16000
0!
0"
#16005
1!
1"
b100100 '
b100100 $
#16010
0!
0"
#16015
1!
1"
b100101 '
b100101 $
#16020
0!
0"
#16025
1!
1"
b100110 '
b100110 $
#16030
0!
0"
#16035
1!
1"
b100111 '
b100111 $
#16040
0!
0"
#16045
1!
1"
b101000 '
b101000 $
#16050
0!
0"
#16055
1!
1"
b101001 '
b101001 $
#16060
0!
0"
#16065
1!
1"
b101010 '
b101010 $
#16070
0!
0"
#16075
1!
1"
b101011 '
b101011 $
#16080
0!
0"
#16085
1!
1"
b101100 '
b101100 $
#16090
0!
0"
#16095
1!
1"
b101101 '
b101101 $
#16100
0!
0"
#16105
1!
1"
b101110 '
b101110 $
#16110
0!
0"
#16115
1!
1"
b101111 '
b101111 $
#16120
0!
0"
#16125
1!
1"
b110000 '
b110000 $
#16130
0!
0"
#16135
1!
1"
b110001 '
b110001 $
#16140
0!
0"
#16145
1!
1"
b110010 '
b110010 $
#16150
0!
0"
#16155
1!
1"
b110011 '
b110011 $
#16160
0!
0"
#16165
1!
1"
b110100 '
b110100 $
#16170
0!
0"
#16175
1!
1"
b110101 '
b110101 $
#16180
0!
0"
#16185
1!
1"
b110110 '
b110110 $
#16190
0!
0"
#16195
1!
1"
b110111 '
b110111 $
#16200
0!
0"
#16205
1!
1"
b111000 '
b111000 $
#16210
0!
0"
#16215
1!
1"
b111001 '
b111001 $
#16220
0!
0"
#16225
1!
1"
b111010 '
b111010 $
#16230
0!
0"
#16235
1!
1"
b111011 '
b111011 $
#16240
0!
0"
#16245
1!
1"
b0 '
b11011 (
b11011 %
b0 $
#16250
0!
0"
#16255
1!
1"
b1 '
b1 $
#16260
0!
0"
#16265
1!
1"
b10 '
b10 $
#16270
0!
0"
#16275
1!
1"
b11 '
b11 $
#16280
0!
0"
#16285
1!
1"
b100 '
b100 $
#16290
0!
0"
#16295
1!
1"
b101 '
b101 $
#16300
0!
0"
#16305
1!
1"
b110 '
b110 $
#16310
0!
0"
#16315
1!
1"
b111 '
b111 $
#16320
0!
0"
#16325
1!
1"
b1000 '
b1000 $
#16330
0!
0"
#16335
1!
1"
b1001 '
b1001 $
#16340
0!
0"
#16345
1!
1"
b1010 '
b1010 $
#16350
0!
0"
#16355
1!
1"
b1011 '
b1011 $
#16360
0!
0"
#16365
1!
1"
b1100 '
b1100 $
#16370
0!
0"
#16375
1!
1"
b1101 '
b1101 $
#16380
0!
0"
#16385
1!
1"
b1110 '
b1110 $
#16390
0!
0"
#16395
1!
1"
b1111 '
b1111 $
#16400
0!
0"
#16405
1!
1"
b10000 '
b10000 $
#16410
0!
0"
#16415
1!
1"
b10001 '
b10001 $
#16420
0!
0"
#16425
1!
1"
b10010 '
b10010 $
#16430
0!
0"
#16435
1!
1"
b10011 '
b10011 $
#16440
0!
0"
#16445
1!
1"
b10100 '
b10100 $
#16450
0!
0"
#16455
1!
1"
b10101 '
b10101 $
#16460
0!
0"
#16465
1!
1"
b10110 '
b10110 $
#16470
0!
0"
#16475
1!
1"
b10111 '
b10111 $
#16480
0!
0"
#16485
1!
1"
b11000 '
b11000 $
#16490
0!
0"
#16495
1!
1"
b11001 '
b11001 $
#16500
0!
0"
#16505
1!
1"
b11010 '
b11010 $
#16510
0!
0"
#16515
1!
1"
b11011 '
b11011 $
#16520
0!
0"
#16525
1!
1"
b11100 '
b11100 $
#16530
0!
0"
#16535
1!
1"
b11101 '
b11101 $
#16540
0!
0"
#16545
1!
1"
b11110 '
b11110 $
#16550
0!
0"
#16555
1!
1"
b11111 '
b11111 $
#16560
0!
0"
#16565
1!
1"
b100000 '
b100000 $
#16570
0!
0"
#16575
1!
1"
b100001 '
b100001 $
#16580
0!
0"
#16585
1!
1"
b100010 '
b100010 $
#16590
0!
0"
#16595
1!
1"
b100011 '
b100011 $
#16600
0!
0"
#16605
1!
1"
b100100 '
b100100 $
#16610
0!
0"
#16615
1!
1"
b100101 '
b100101 $
#16620
0!
0"
#16625
1!
1"
b100110 '
b100110 $
#16630
0!
0"
#16635
1!
1"
b100111 '
b100111 $
#16640
0!
0"
#16645
1!
1"
b101000 '
b101000 $
#16650
0!
0"
#16655
1!
1"
b101001 '
b101001 $
#16660
0!
0"
#16665
1!
1"
b101010 '
b101010 $
#16670
0!
0"
#16675
1!
1"
b101011 '
b101011 $
#16680
0!
0"
#16685
1!
1"
b101100 '
b101100 $
#16690
0!
0"
#16695
1!
1"
b101101 '
b101101 $
#16700
0!
0"
#16705
1!
1"
b101110 '
b101110 $
#16710
0!
0"
#16715
1!
1"
b101111 '
b101111 $
#16720
0!
0"
#16725
1!
1"
b110000 '
b110000 $
#16730
0!
0"
#16735
1!
1"
b110001 '
b110001 $
#16740
0!
0"
#16745
1!
1"
b110010 '
b110010 $
#16750
0!
0"
#16755
1!
1"
b110011 '
b110011 $
#16760
0!
0"
#16765
1!
1"
b110100 '
b110100 $
#16770
0!
0"
#16775
1!
1"
b110101 '
b110101 $
#16780
0!
0"
#16785
1!
1"
b110110 '
b110110 $
#16790
0!
0"
#16795
1!
1"
b110111 '
b110111 $
#16800
0!
0"
#16805
1!
1"
b111000 '
b111000 $
#16810
0!
0"
#16815
1!
1"
b111001 '
b111001 $
#16820
0!
0"
#16825
1!
1"
b111010 '
b111010 $
#16830
0!
0"
#16835
1!
1"
b111011 '
b111011 $
#16840
0!
0"
#16845
1!
1"
b0 '
b11100 (
b11100 %
b0 $
#16850
0!
0"
#16855
1!
1"
b1 '
b1 $
#16860
0!
0"
#16865
1!
1"
b10 '
b10 $
#16870
0!
0"
#16875
1!
1"
b11 '
b11 $
#16880
0!
0"
#16885
1!
1"
b100 '
b100 $
#16890
0!
0"
#16895
1!
1"
b101 '
b101 $
#16900
0!
0"
#16905
1!
1"
b110 '
b110 $
#16910
0!
0"
#16915
1!
1"
b111 '
b111 $
#16920
0!
0"
#16925
1!
1"
b1000 '
b1000 $
#16930
0!
0"
#16935
1!
1"
b1001 '
b1001 $
#16940
0!
0"
#16945
1!
1"
b1010 '
b1010 $
#16950
0!
0"
#16955
1!
1"
b1011 '
b1011 $
#16960
0!
0"
#16965
1!
1"
b1100 '
b1100 $
#16970
0!
0"
#16975
1!
1"
b1101 '
b1101 $
#16980
0!
0"
#16985
1!
1"
b1110 '
b1110 $
#16990
0!
0"
#16995
1!
1"
b1111 '
b1111 $
#17000
0!
0"
#17005
1!
1"
b10000 '
b10000 $
#17010
0!
0"
#17015
1!
1"
b10001 '
b10001 $
#17020
0!
0"
#17025
1!
1"
b10010 '
b10010 $
#17030
0!
0"
#17035
1!
1"
b10011 '
b10011 $
#17040
0!
0"
#17045
1!
1"
b10100 '
b10100 $
#17050
0!
0"
#17055
1!
1"
b10101 '
b10101 $
#17060
0!
0"
#17065
1!
1"
b10110 '
b10110 $
#17070
0!
0"
#17075
1!
1"
b10111 '
b10111 $
#17080
0!
0"
#17085
1!
1"
b11000 '
b11000 $
#17090
0!
0"
#17095
1!
1"
b11001 '
b11001 $
#17100
0!
0"
#17105
1!
1"
b11010 '
b11010 $
#17110
0!
0"
#17115
1!
1"
b11011 '
b11011 $
#17120
0!
0"
#17125
1!
1"
b11100 '
b11100 $
#17130
0!
0"
#17135
1!
1"
b11101 '
b11101 $
#17140
0!
0"
#17145
1!
1"
b11110 '
b11110 $
#17150
0!
0"
#17155
1!
1"
b11111 '
b11111 $
#17160
0!
0"
#17165
1!
1"
b100000 '
b100000 $
#17170
0!
0"
#17175
1!
1"
b100001 '
b100001 $
#17180
0!
0"
#17185
1!
1"
b100010 '
b100010 $
#17190
0!
0"
#17195
1!
1"
b100011 '
b100011 $
#17200
0!
0"
#17205
1!
1"
b100100 '
b100100 $
#17210
0!
0"
#17215
1!
1"
b100101 '
b100101 $
#17220
0!
0"
#17225
1!
1"
b100110 '
b100110 $
#17230
0!
0"
#17235
1!
1"
b100111 '
b100111 $
#17240
0!
0"
#17245
1!
1"
b101000 '
b101000 $
#17250
0!
0"
#17255
1!
1"
b101001 '
b101001 $
#17260
0!
0"
#17265
1!
1"
b101010 '
b101010 $
#17270
0!
0"
#17275
1!
1"
b101011 '
b101011 $
#17280
0!
0"
#17285
1!
1"
b101100 '
b101100 $
#17290
0!
0"
#17295
1!
1"
b101101 '
b101101 $
#17300
0!
0"
#17305
1!
1"
b101110 '
b101110 $
#17310
0!
0"
#17315
1!
1"
b101111 '
b101111 $
#17320
0!
0"
#17325
1!
1"
b110000 '
b110000 $
#17330
0!
0"
#17335
1!
1"
b110001 '
b110001 $
#17340
0!
0"
#17345
1!
1"
b110010 '
b110010 $
#17350
0!
0"
#17355
1!
1"
b110011 '
b110011 $
#17360
0!
0"
#17365
1!
1"
b110100 '
b110100 $
#17370
0!
0"
#17375
1!
1"
b110101 '
b110101 $
#17380
0!
0"
#17385
1!
1"
b110110 '
b110110 $
#17390
0!
0"
#17395
1!
1"
b110111 '
b110111 $
#17400
0!
0"
#17405
1!
1"
b111000 '
b111000 $
#17410
0!
0"
#17415
1!
1"
b111001 '
b111001 $
#17420
0!
0"
#17425
1!
1"
b111010 '
b111010 $
#17430
0!
0"
#17435
1!
1"
b111011 '
b111011 $
#17440
0!
0"
#17445
1!
1"
b0 '
b11101 (
b11101 %
b0 $
#17450
0!
0"
#17455
1!
1"
b1 '
b1 $
#17460
0!
0"
#17465
1!
1"
b10 '
b10 $
#17470
0!
0"
#17475
1!
1"
b11 '
b11 $
#17480
0!
0"
#17485
1!
1"
b100 '
b100 $
#17490
0!
0"
#17495
1!
1"
b101 '
b101 $
#17500
0!
0"
#17505
1!
1"
b110 '
b110 $
#17510
0!
0"
#17515
1!
1"
b111 '
b111 $
#17520
0!
0"
#17525
1!
1"
b1000 '
b1000 $
#17530
0!
0"
#17535
1!
1"
b1001 '
b1001 $
#17540
0!
0"
#17545
1!
1"
b1010 '
b1010 $
#17550
0!
0"
#17555
1!
1"
b1011 '
b1011 $
#17560
0!
0"
#17565
1!
1"
b1100 '
b1100 $
#17570
0!
0"
#17575
1!
1"
b1101 '
b1101 $
#17580
0!
0"
#17585
1!
1"
b1110 '
b1110 $
#17590
0!
0"
#17595
1!
1"
b1111 '
b1111 $
#17600
0!
0"
#17605
1!
1"
b10000 '
b10000 $
#17610
0!
0"
#17615
1!
1"
b10001 '
b10001 $
#17620
0!
0"
#17625
1!
1"
b10010 '
b10010 $
#17630
0!
0"
#17635
1!
1"
b10011 '
b10011 $
#17640
0!
0"
#17645
1!
1"
b10100 '
b10100 $
#17650
0!
0"
#17655
1!
1"
b10101 '
b10101 $
#17660
0!
0"
#17665
1!
1"
b10110 '
b10110 $
#17670
0!
0"
#17675
1!
1"
b10111 '
b10111 $
#17680
0!
0"
#17685
1!
1"
b11000 '
b11000 $
#17690
0!
0"
#17695
1!
1"
b11001 '
b11001 $
#17700
0!
0"
#17705
1!
1"
b11010 '
b11010 $
#17710
0!
0"
#17715
1!
1"
b11011 '
b11011 $
#17720
0!
0"
#17725
1!
1"
b11100 '
b11100 $
#17730
0!
0"
#17735
1!
1"
b11101 '
b11101 $
#17740
0!
0"
#17745
1!
1"
b11110 '
b11110 $
#17750
0!
0"
#17755
1!
1"
b11111 '
b11111 $
#17760
0!
0"
#17765
1!
1"
b100000 '
b100000 $
#17770
0!
0"
#17775
1!
1"
b100001 '
b100001 $
#17780
0!
0"
#17785
1!
1"
b100010 '
b100010 $
#17790
0!
0"
#17795
1!
1"
b100011 '
b100011 $
#17800
0!
0"
#17805
1!
1"
b100100 '
b100100 $
#17810
0!
0"
#17815
1!
1"
b100101 '
b100101 $
#17820
0!
0"
#17825
1!
1"
b100110 '
b100110 $
#17830
0!
0"
#17835
1!
1"
b100111 '
b100111 $
#17840
0!
0"
#17845
1!
1"
b101000 '
b101000 $
#17850
0!
0"
#17855
1!
1"
b101001 '
b101001 $
#17860
0!
0"
#17865
1!
1"
b101010 '
b101010 $
#17870
0!
0"
#17875
1!
1"
b101011 '
b101011 $
#17880
0!
0"
#17885
1!
1"
b101100 '
b101100 $
#17890
0!
0"
#17895
1!
1"
b101101 '
b101101 $
#17900
0!
0"
#17905
1!
1"
b101110 '
b101110 $
#17910
0!
0"
#17915
1!
1"
b101111 '
b101111 $
#17920
0!
0"
#17925
1!
1"
b110000 '
b110000 $
#17930
0!
0"
#17935
1!
1"
b110001 '
b110001 $
#17940
0!
0"
#17945
1!
1"
b110010 '
b110010 $
#17950
0!
0"
#17955
1!
1"
b110011 '
b110011 $
#17960
0!
0"
#17965
1!
1"
b110100 '
b110100 $
#17970
0!
0"
#17975
1!
1"
b110101 '
b110101 $
#17980
0!
0"
#17985
1!
1"
b110110 '
b110110 $
#17990
0!
0"
#17995
1!
1"
b110111 '
b110111 $
#18000
0!
0"
#18005
1!
1"
b111000 '
b111000 $
#18010
0!
0"
#18015
1!
1"
b111001 '
b111001 $
#18020
0!
0"
#18025
1!
1"
b111010 '
b111010 $
#18030
0!
0"
#18035
1!
1"
b111011 '
b111011 $
#18040
0!
0"
#18045
1!
1"
b0 '
b11110 (
b11110 %
b0 $
#18050
0!
0"
#18055
1!
1"
b1 '
b1 $
#18060
0!
0"
#18065
1!
1"
b10 '
b10 $
#18070
0!
0"
#18075
1!
1"
b11 '
b11 $
#18080
0!
0"
#18085
1!
1"
b100 '
b100 $
#18090
0!
0"
#18095
1!
1"
b101 '
b101 $
#18100
0!
0"
#18105
1!
1"
b110 '
b110 $
#18110
0!
0"
#18115
1!
1"
b111 '
b111 $
#18120
0!
0"
#18125
1!
1"
b1000 '
b1000 $
#18130
0!
0"
#18135
1!
1"
b1001 '
b1001 $
#18140
0!
0"
#18145
1!
1"
b1010 '
b1010 $
#18150
0!
0"
#18155
1!
1"
b1011 '
b1011 $
#18160
0!
0"
#18165
1!
1"
b1100 '
b1100 $
#18170
0!
0"
#18175
1!
1"
b1101 '
b1101 $
#18180
0!
0"
#18185
1!
1"
b1110 '
b1110 $
#18190
0!
0"
#18195
1!
1"
b1111 '
b1111 $
#18200
0!
0"
#18205
1!
1"
b10000 '
b10000 $
#18210
0!
0"
#18215
1!
1"
b10001 '
b10001 $
#18220
0!
0"
#18225
1!
1"
b10010 '
b10010 $
#18230
0!
0"
#18235
1!
1"
b10011 '
b10011 $
#18240
0!
0"
#18245
1!
1"
b10100 '
b10100 $
#18250
0!
0"
#18255
1!
1"
b10101 '
b10101 $
#18260
0!
0"
#18265
1!
1"
b10110 '
b10110 $
#18270
0!
0"
#18275
1!
1"
b10111 '
b10111 $
#18280
0!
0"
#18285
1!
1"
b11000 '
b11000 $
#18290
0!
0"
#18295
1!
1"
b11001 '
b11001 $
#18300
0!
0"
#18305
1!
1"
b11010 '
b11010 $
#18310
0!
0"
#18315
1!
1"
b11011 '
b11011 $
#18320
0!
0"
#18325
1!
1"
b11100 '
b11100 $
#18330
0!
0"
#18335
1!
1"
b11101 '
b11101 $
#18340
0!
0"
#18345
1!
1"
b11110 '
b11110 $
#18350
0!
0"
#18355
1!
1"
b11111 '
b11111 $
#18360
0!
0"
#18365
1!
1"
b100000 '
b100000 $
#18370
0!
0"
#18375
1!
1"
b100001 '
b100001 $
#18380
0!
0"
#18385
1!
1"
b100010 '
b100010 $
#18390
0!
0"
#18395
1!
1"
b100011 '
b100011 $
#18400
0!
0"
#18405
1!
1"
b100100 '
b100100 $
#18410
0!
0"
#18415
1!
1"
b100101 '
b100101 $
#18420
0!
0"
#18425
1!
1"
b100110 '
b100110 $
#18430
0!
0"
#18435
1!
1"
b100111 '
b100111 $
#18440
0!
0"
#18445
1!
1"
b101000 '
b101000 $
#18450
0!
0"
#18455
1!
1"
b101001 '
b101001 $
#18460
0!
0"
#18465
1!
1"
b101010 '
b101010 $
#18470
0!
0"
#18475
1!
1"
b101011 '
b101011 $
#18480
0!
0"
#18485
1!
1"
b101100 '
b101100 $
#18490
0!
0"
#18495
1!
1"
b101101 '
b101101 $
#18500
0!
0"
#18505
1!
1"
b101110 '
b101110 $
#18510
0!
0"
#18515
1!
1"
b101111 '
b101111 $
#18520
0!
0"
#18525
1!
1"
b110000 '
b110000 $
#18530
0!
0"
#18535
1!
1"
b110001 '
b110001 $
#18540
0!
0"
#18545
1!
1"
b110010 '
b110010 $
#18550
0!
0"
#18555
1!
1"
b110011 '
b110011 $
#18560
0!
0"
#18565
1!
1"
b110100 '
b110100 $
#18570
0!
0"
#18575
1!
1"
b110101 '
b110101 $
#18580
0!
0"
#18585
1!
1"
b110110 '
b110110 $
#18590
0!
0"
#18595
1!
1"
b110111 '
b110111 $
#18600
0!
0"
#18605
1!
1"
b111000 '
b111000 $
#18610
0!
0"
#18615
1!
1"
b111001 '
b111001 $
#18620
0!
0"
#18625
1!
1"
b111010 '
b111010 $
#18630
0!
0"
#18635
1!
1"
b111011 '
b111011 $
#18640
0!
0"
#18645
1!
1"
b0 '
b11111 (
b11111 %
b0 $
#18650
0!
0"
#18655
1!
1"
b1 '
b1 $
#18660
0!
0"
#18665
1!
1"
b10 '
b10 $
#18670
0!
0"
#18675
1!
1"
b11 '
b11 $
#18680
0!
0"
#18685
1!
1"
b100 '
b100 $
#18690
0!
0"
#18695
1!
1"
b101 '
b101 $
#18700
0!
0"
#18705
1!
1"
b110 '
b110 $
#18710
0!
0"
#18715
1!
1"
b111 '
b111 $
#18720
0!
0"
#18725
1!
1"
b1000 '
b1000 $
#18730
0!
0"
#18735
1!
1"
b1001 '
b1001 $
#18740
0!
0"
#18745
1!
1"
b1010 '
b1010 $
#18750
0!
0"
#18755
1!
1"
b1011 '
b1011 $
#18760
0!
0"
#18765
1!
1"
b1100 '
b1100 $
#18770
0!
0"
#18775
1!
1"
b1101 '
b1101 $
#18780
0!
0"
#18785
1!
1"
b1110 '
b1110 $
#18790
0!
0"
#18795
1!
1"
b1111 '
b1111 $
#18800
0!
0"
#18805
1!
1"
b10000 '
b10000 $
#18810
0!
0"
#18815
1!
1"
b10001 '
b10001 $
#18820
0!
0"
#18825
1!
1"
b10010 '
b10010 $
#18830
0!
0"
#18835
1!
1"
b10011 '
b10011 $
#18840
0!
0"
#18845
1!
1"
b10100 '
b10100 $
#18850
0!
0"
#18855
1!
1"
b10101 '
b10101 $
#18860
0!
0"
#18865
1!
1"
b10110 '
b10110 $
#18870
0!
0"
#18875
1!
1"
b10111 '
b10111 $
#18880
0!
0"
#18885
1!
1"
b11000 '
b11000 $
#18890
0!
0"
#18895
1!
1"
b11001 '
b11001 $
#18900
0!
0"
#18905
1!
1"
b11010 '
b11010 $
#18910
0!
0"
#18915
1!
1"
b11011 '
b11011 $
#18920
0!
0"
#18925
1!
1"
b11100 '
b11100 $
#18930
0!
0"
#18935
1!
1"
b11101 '
b11101 $
#18940
0!
0"
#18945
1!
1"
b11110 '
b11110 $
#18950
0!
0"
#18955
1!
1"
b11111 '
b11111 $
#18960
0!
0"
#18965
1!
1"
b100000 '
b100000 $
#18970
0!
0"
#18975
1!
1"
b100001 '
b100001 $
#18980
0!
0"
#18985
1!
1"
b100010 '
b100010 $
#18990
0!
0"
#18995
1!
1"
b100011 '
b100011 $
#19000
0!
0"
#19005
1!
1"
b100100 '
b100100 $
#19010
0!
0"
#19015
1!
1"
b100101 '
b100101 $
#19020
0!
0"
#19025
1!
1"
b100110 '
b100110 $
#19030
0!
0"
#19035
1!
1"
b100111 '
b100111 $
#19040
0!
0"
#19045
1!
1"
b101000 '
b101000 $
#19050
0!
0"
#19055
1!
1"
b101001 '
b101001 $
#19060
0!
0"
#19065
1!
1"
b101010 '
b101010 $
#19070
0!
0"
#19075
1!
1"
b101011 '
b101011 $
#19080
0!
0"
#19085
1!
1"
b101100 '
b101100 $
#19090
0!
0"
#19095
1!
1"
b101101 '
b101101 $
#19100
0!
0"
#19105
1!
1"
b101110 '
b101110 $
#19110
0!
0"
#19115
1!
1"
b101111 '
b101111 $
#19120
0!
0"
#19125
1!
1"
b110000 '
b110000 $
#19130
0!
0"
#19135
1!
1"
b110001 '
b110001 $
#19140
0!
0"
#19145
1!
1"
b110010 '
b110010 $
#19150
0!
0"
#19155
1!
1"
b110011 '
b110011 $
#19160
0!
0"
#19165
1!
1"
b110100 '
b110100 $
#19170
0!
0"
#19175
1!
1"
b110101 '
b110101 $
#19180
0!
0"
#19185
1!
1"
b110110 '
b110110 $
#19190
0!
0"
#19195
1!
1"
b110111 '
b110111 $
#19200
0!
0"
#19205
1!
1"
b111000 '
b111000 $
#19210
0!
0"
#19215
1!
1"
b111001 '
b111001 $
#19220
0!
0"
#19225
1!
1"
b111010 '
b111010 $
#19230
0!
0"
#19235
1!
1"
b111011 '
b111011 $
#19240
0!
0"
#19245
1!
1"
b0 '
b100000 (
b100000 %
b0 $
#19250
0!
0"
#19255
1!
1"
b1 '
b1 $
#19260
0!
0"
#19265
1!
1"
b10 '
b10 $
#19270
0!
0"
#19275
1!
1"
b11 '
b11 $
#19280
0!
0"
#19285
1!
1"
b100 '
b100 $
#19290
0!
0"
#19295
1!
1"
b101 '
b101 $
#19300
0!
0"
#19305
1!
1"
b110 '
b110 $
#19310
0!
0"
#19315
1!
1"
b111 '
b111 $
#19320
0!
0"
#19325
1!
1"
b1000 '
b1000 $
#19330
0!
0"
#19335
1!
1"
b1001 '
b1001 $
#19340
0!
0"
#19345
1!
1"
b1010 '
b1010 $
#19350
0!
0"
#19355
1!
1"
b1011 '
b1011 $
#19360
0!
0"
#19365
1!
1"
b1100 '
b1100 $
#19370
0!
0"
#19375
1!
1"
b1101 '
b1101 $
#19380
0!
0"
#19385
1!
1"
b1110 '
b1110 $
#19390
0!
0"
#19395
1!
1"
b1111 '
b1111 $
#19400
0!
0"
#19405
1!
1"
b10000 '
b10000 $
#19410
0!
0"
#19415
1!
1"
b10001 '
b10001 $
#19420
0!
0"
#19425
1!
1"
b10010 '
b10010 $
#19430
0!
0"
#19435
1!
1"
b10011 '
b10011 $
#19440
0!
0"
#19445
1!
1"
b10100 '
b10100 $
#19450
0!
0"
#19455
1!
1"
b10101 '
b10101 $
#19460
0!
0"
#19465
1!
1"
b10110 '
b10110 $
#19470
0!
0"
#19475
1!
1"
b10111 '
b10111 $
#19480
0!
0"
#19485
1!
1"
b11000 '
b11000 $
#19490
0!
0"
#19495
1!
1"
b11001 '
b11001 $
#19500
0!
0"
#19505
1!
1"
b11010 '
b11010 $
#19510
0!
0"
#19515
1!
1"
b11011 '
b11011 $
#19520
0!
0"
#19525
1!
1"
b11100 '
b11100 $
#19530
0!
0"
#19535
1!
1"
b11101 '
b11101 $
#19540
0!
0"
#19545
1!
1"
b11110 '
b11110 $
#19550
0!
0"
#19555
1!
1"
b11111 '
b11111 $
#19560
0!
0"
#19565
1!
1"
b100000 '
b100000 $
#19570
0!
0"
#19575
1!
1"
b100001 '
b100001 $
#19580
0!
0"
#19585
1!
1"
b100010 '
b100010 $
#19590
0!
0"
#19595
1!
1"
b100011 '
b100011 $
#19600
0!
0"
#19605
1!
1"
b100100 '
b100100 $
#19610
0!
0"
#19615
1!
1"
b100101 '
b100101 $
#19620
0!
0"
#19625
1!
1"
b100110 '
b100110 $
#19630
0!
0"
#19635
1!
1"
b100111 '
b100111 $
#19640
0!
0"
#19645
1!
1"
b101000 '
b101000 $
#19650
0!
0"
#19655
1!
1"
b101001 '
b101001 $
#19660
0!
0"
#19665
1!
1"
b101010 '
b101010 $
#19670
0!
0"
#19675
1!
1"
b101011 '
b101011 $
#19680
0!
0"
#19685
1!
1"
b101100 '
b101100 $
#19690
0!
0"
#19695
1!
1"
b101101 '
b101101 $
#19700
0!
0"
#19705
1!
1"
b101110 '
b101110 $
#19710
0!
0"
#19715
1!
1"
b101111 '
b101111 $
#19720
0!
0"
#19725
1!
1"
b110000 '
b110000 $
#19730
0!
0"
#19735
1!
1"
b110001 '
b110001 $
#19740
0!
0"
#19745
1!
1"
b110010 '
b110010 $
#19750
0!
0"
#19755
1!
1"
b110011 '
b110011 $
#19760
0!
0"
#19765
1!
1"
b110100 '
b110100 $
#19770
0!
0"
#19775
1!
1"
b110101 '
b110101 $
#19780
0!
0"
#19785
1!
1"
b110110 '
b110110 $
#19790
0!
0"
#19795
1!
1"
b110111 '
b110111 $
#19800
0!
0"
#19805
1!
1"
b111000 '
b111000 $
#19810
0!
0"
#19815
1!
1"
b111001 '
b111001 $
#19820
0!
0"
#19825
1!
1"
b111010 '
b111010 $
#19830
0!
0"
#19835
1!
1"
b111011 '
b111011 $
#19840
0!
0"
#19845
1!
1"
b0 '
b100001 (
b100001 %
b0 $
#19850
0!
0"
#19855
1!
1"
b1 '
b1 $
#19860
0!
0"
#19865
1!
1"
b10 '
b10 $
#19870
0!
0"
#19875
1!
1"
b11 '
b11 $
#19880
0!
0"
#19885
1!
1"
b100 '
b100 $
#19890
0!
0"
#19895
1!
1"
b101 '
b101 $
#19900
0!
0"
#19905
1!
1"
b110 '
b110 $
#19910
0!
0"
#19915
1!
1"
b111 '
b111 $
#19920
0!
0"
#19925
1!
1"
b1000 '
b1000 $
#19930
0!
0"
#19935
1!
1"
b1001 '
b1001 $
#19940
0!
0"
#19945
1!
1"
b1010 '
b1010 $
#19950
0!
0"
#19955
1!
1"
b1011 '
b1011 $
#19960
0!
0"
#19965
1!
1"
b1100 '
b1100 $
#19970
0!
0"
#19975
1!
1"
b1101 '
b1101 $
#19980
0!
0"
#19985
1!
1"
b1110 '
b1110 $
#19990
0!
0"
#19995
1!
1"
b1111 '
b1111 $
#20000
0!
0"
#20005
1!
1"
b10000 '
b10000 $
#20010
0!
0"
#20015
1!
1"
b10001 '
b10001 $
#20020
0!
0"
#20025
1!
1"
b10010 '
b10010 $
#20030
0!
0"
#20035
1!
1"
b10011 '
b10011 $
#20040
0!
0"
#20045
1!
1"
b10100 '
b10100 $
#20050
0!
0"
#20055
1!
1"
b10101 '
b10101 $
#20060
0!
0"
#20065
1!
1"
b10110 '
b10110 $
#20070
0!
0"
#20075
1!
1"
b10111 '
b10111 $
#20080
0!
0"
#20085
1!
1"
b11000 '
b11000 $
#20090
0!
0"
#20095
1!
1"
b11001 '
b11001 $
#20100
0!
0"
#20105
1!
1"
b11010 '
b11010 $
#20110
0!
0"
#20115
1!
1"
b11011 '
b11011 $
#20120
0!
0"
#20125
1!
1"
b11100 '
b11100 $
#20130
0!
0"
#20135
1!
1"
b11101 '
b11101 $
#20140
0!
0"
#20145
1!
1"
b11110 '
b11110 $
#20150
0!
0"
#20155
1!
1"
b11111 '
b11111 $
#20160
0!
0"
#20165
1!
1"
b100000 '
b100000 $
#20170
0!
0"
#20175
1!
1"
b100001 '
b100001 $
#20180
0!
0"
#20185
1!
1"
b100010 '
b100010 $
#20190
0!
0"
#20195
1!
1"
b100011 '
b100011 $
#20200
0!
0"
#20205
1!
1"
b100100 '
b100100 $
#20210
0!
0"
#20215
1!
1"
b100101 '
b100101 $
#20220
0!
0"
#20225
1!
1"
b100110 '
b100110 $
#20230
0!
0"
#20235
1!
1"
b100111 '
b100111 $
#20240
0!
0"
#20245
1!
1"
b101000 '
b101000 $
#20250
0!
0"
#20255
1!
1"
b101001 '
b101001 $
#20260
0!
0"
#20265
1!
1"
b101010 '
b101010 $
#20270
0!
0"
#20275
1!
1"
b101011 '
b101011 $
#20280
0!
0"
#20285
1!
1"
b101100 '
b101100 $
#20290
0!
0"
#20295
1!
1"
b101101 '
b101101 $
#20300
0!
0"
#20305
1!
1"
b101110 '
b101110 $
#20310
0!
0"
#20315
1!
1"
b101111 '
b101111 $
#20320
0!
0"
#20325
1!
1"
b110000 '
b110000 $
#20330
0!
0"
#20335
1!
1"
b110001 '
b110001 $
#20340
0!
0"
#20345
1!
1"
b110010 '
b110010 $
#20350
0!
0"
#20355
1!
1"
b110011 '
b110011 $
#20360
0!
0"
#20365
1!
1"
b110100 '
b110100 $
#20370
0!
0"
#20375
1!
1"
b110101 '
b110101 $
#20380
0!
0"
#20385
1!
1"
b110110 '
b110110 $
#20390
0!
0"
#20395
1!
1"
b110111 '
b110111 $
#20400
0!
0"
#20405
1!
1"
b111000 '
b111000 $
#20410
0!
0"
#20415
1!
1"
b111001 '
b111001 $
#20420
0!
0"
#20425
1!
1"
b111010 '
b111010 $
#20430
0!
0"
#20435
1!
1"
b111011 '
b111011 $
#20440
0!
0"
#20445
1!
1"
b0 '
b100010 (
b100010 %
b0 $
#20450
0!
0"
#20455
1!
1"
b1 '
b1 $
#20460
0!
0"
#20465
1!
1"
b10 '
b10 $
#20470
0!
0"
#20475
1!
1"
b11 '
b11 $
#20480
0!
0"
#20485
1!
1"
b100 '
b100 $
#20490
0!
0"
#20495
1!
1"
b101 '
b101 $
#20500
0!
0"
#20505
1!
1"
b110 '
b110 $
#20510
0!
0"
#20515
1!
1"
b111 '
b111 $
#20520
0!
0"
#20525
1!
1"
b1000 '
b1000 $
#20530
0!
0"
#20535
1!
1"
b1001 '
b1001 $
#20540
0!
0"
#20545
1!
1"
b1010 '
b1010 $
#20550
0!
0"
#20555
1!
1"
b1011 '
b1011 $
#20560
0!
0"
#20565
1!
1"
b1100 '
b1100 $
#20570
0!
0"
#20575
1!
1"
b1101 '
b1101 $
#20580
0!
0"
#20585
1!
1"
b1110 '
b1110 $
#20590
0!
0"
#20595
1!
1"
b1111 '
b1111 $
#20600
0!
0"
#20605
1!
1"
b10000 '
b10000 $
#20610
0!
0"
#20615
1!
1"
b10001 '
b10001 $
#20620
0!
0"
#20625
1!
1"
b10010 '
b10010 $
#20630
0!
0"
#20635
1!
1"
b10011 '
b10011 $
#20640
0!
0"
#20645
1!
1"
b10100 '
b10100 $
#20650
0!
0"
#20655
1!
1"
b10101 '
b10101 $
#20660
0!
0"
#20665
1!
1"
b10110 '
b10110 $
#20670
0!
0"
#20675
1!
1"
b10111 '
b10111 $
#20680
0!
0"
#20685
1!
1"
b11000 '
b11000 $
#20690
0!
0"
#20695
1!
1"
b11001 '
b11001 $
#20700
0!
0"
#20705
1!
1"
b11010 '
b11010 $
#20710
0!
0"
#20715
1!
1"
b11011 '
b11011 $
#20720
0!
0"
#20725
1!
1"
b11100 '
b11100 $
#20730
0!
0"
#20735
1!
1"
b11101 '
b11101 $
#20740
0!
0"
#20745
1!
1"
b11110 '
b11110 $
#20750
0!
0"
#20755
1!
1"
b11111 '
b11111 $
#20760
0!
0"
#20765
1!
1"
b100000 '
b100000 $
#20770
0!
0"
#20775
1!
1"
b100001 '
b100001 $
#20780
0!
0"
#20785
1!
1"
b100010 '
b100010 $
#20790
0!
0"
#20795
1!
1"
b100011 '
b100011 $
#20800
0!
0"
#20805
1!
1"
b100100 '
b100100 $
#20810
0!
0"
#20815
1!
1"
b100101 '
b100101 $
#20820
0!
0"
#20825
1!
1"
b100110 '
b100110 $
#20830
0!
0"
#20835
1!
1"
b100111 '
b100111 $
#20840
0!
0"
#20845
1!
1"
b101000 '
b101000 $
#20850
0!
0"
#20855
1!
1"
b101001 '
b101001 $
#20860
0!
0"
#20865
1!
1"
b101010 '
b101010 $
#20870
0!
0"
#20875
1!
1"
b101011 '
b101011 $
#20880
0!
0"
#20885
1!
1"
b101100 '
b101100 $
#20890
0!
0"
#20895
1!
1"
b101101 '
b101101 $
#20900
0!
0"
#20905
1!
1"
b101110 '
b101110 $
#20910
0!
0"
#20915
1!
1"
b101111 '
b101111 $
#20920
0!
0"
#20925
1!
1"
b110000 '
b110000 $
#20930
0!
0"
#20935
1!
1"
b110001 '
b110001 $
#20940
0!
0"
#20945
1!
1"
b110010 '
b110010 $
#20950
0!
0"
#20955
1!
1"
b110011 '
b110011 $
#20960
0!
0"
#20965
1!
1"
b110100 '
b110100 $
#20970
0!
0"
#20975
1!
1"
b110101 '
b110101 $
#20980
0!
0"
#20985
1!
1"
b110110 '
b110110 $
#20990
0!
0"
#20995
1!
1"
b110111 '
b110111 $
#21000
0!
0"
#21005
1!
1"
b111000 '
b111000 $
#21010
0!
0"
#21015
1!
1"
b111001 '
b111001 $
#21020
0!
0"
#21025
1!
1"
b111010 '
b111010 $
#21030
0!
0"
#21035
1!
1"
b111011 '
b111011 $
#21040
0!
0"
#21045
1!
1"
b0 '
b100011 (
b100011 %
b0 $
#21050
0!
0"
#21055
1!
1"
b1 '
b1 $
#21060
0!
0"
#21065
1!
1"
b10 '
b10 $
#21070
0!
0"
#21075
1!
1"
b11 '
b11 $
#21080
0!
0"
#21085
1!
1"
b100 '
b100 $
#21090
0!
0"
#21095
1!
1"
b101 '
b101 $
#21100
0!
0"
#21105
1!
1"
b110 '
b110 $
#21110
0!
0"
#21115
1!
1"
b111 '
b111 $
#21120
0!
0"
#21125
1!
1"
b1000 '
b1000 $
#21130
0!
0"
#21135
1!
1"
b1001 '
b1001 $
#21140
0!
0"
#21145
1!
1"
b1010 '
b1010 $
#21150
0!
0"
#21155
1!
1"
b1011 '
b1011 $
#21160
0!
0"
#21165
1!
1"
b1100 '
b1100 $
#21170
0!
0"
#21175
1!
1"
b1101 '
b1101 $
#21180
0!
0"
#21185
1!
1"
b1110 '
b1110 $
#21190
0!
0"
#21195
1!
1"
b1111 '
b1111 $
#21200
0!
0"
#21205
1!
1"
b10000 '
b10000 $
#21210
0!
0"
#21215
1!
1"
b10001 '
b10001 $
#21220
0!
0"
#21225
1!
1"
b10010 '
b10010 $
#21230
0!
0"
#21235
1!
1"
b10011 '
b10011 $
#21240
0!
0"
#21245
1!
1"
b10100 '
b10100 $
#21250
0!
0"
#21255
1!
1"
b10101 '
b10101 $
#21260
0!
0"
#21265
1!
1"
b10110 '
b10110 $
#21270
0!
0"
#21275
1!
1"
b10111 '
b10111 $
#21280
0!
0"
#21285
1!
1"
b11000 '
b11000 $
#21290
0!
0"
#21295
1!
1"
b11001 '
b11001 $
#21300
0!
0"
#21305
1!
1"
b11010 '
b11010 $
#21310
0!
0"
#21315
1!
1"
b11011 '
b11011 $
#21320
0!
0"
#21325
1!
1"
b11100 '
b11100 $
#21330
0!
0"
#21335
1!
1"
b11101 '
b11101 $
#21340
0!
0"
#21345
1!
1"
b11110 '
b11110 $
#21350
0!
0"
#21355
1!
1"
b11111 '
b11111 $
#21360
0!
0"
#21365
1!
1"
b100000 '
b100000 $
#21370
0!
0"
#21375
1!
1"
b100001 '
b100001 $
#21380
0!
0"
#21385
1!
1"
b100010 '
b100010 $
#21390
0!
0"
#21395
1!
1"
b100011 '
b100011 $
#21400
0!
0"
#21405
1!
1"
b100100 '
b100100 $
#21410
0!
0"
#21415
1!
1"
b100101 '
b100101 $
#21420
0!
0"
#21425
1!
1"
b100110 '
b100110 $
#21430
0!
0"
#21435
1!
1"
b100111 '
b100111 $
#21440
0!
0"
#21445
1!
1"
b101000 '
b101000 $
#21450
0!
0"
#21455
1!
1"
b101001 '
b101001 $
#21460
0!
0"
#21465
1!
1"
b101010 '
b101010 $
#21470
0!
0"
#21475
1!
1"
b101011 '
b101011 $
#21480
0!
0"
#21485
1!
1"
b101100 '
b101100 $
#21490
0!
0"
#21495
1!
1"
b101101 '
b101101 $
#21500
0!
0"
#21505
1!
1"
b101110 '
b101110 $
#21510
0!
0"
#21515
1!
1"
b101111 '
b101111 $
#21520
0!
0"
#21525
1!
1"
b110000 '
b110000 $
#21530
0!
0"
#21535
1!
1"
b110001 '
b110001 $
#21540
0!
0"
#21545
1!
1"
b110010 '
b110010 $
#21550
0!
0"
#21555
1!
1"
b110011 '
b110011 $
#21560
0!
0"
#21565
1!
1"
b110100 '
b110100 $
#21570
0!
0"
#21575
1!
1"
b110101 '
b110101 $
#21580
0!
0"
#21585
1!
1"
b110110 '
b110110 $
#21590
0!
0"
#21595
1!
1"
b110111 '
b110111 $
#21600
0!
0"
#21605
1!
1"
b111000 '
b111000 $
#21610
0!
0"
#21615
1!
1"
b111001 '
b111001 $
#21620
0!
0"
#21625
1!
1"
b111010 '
b111010 $
#21630
0!
0"
#21635
1!
1"
b111011 '
b111011 $
#21640
0!
0"
#21645
1!
1"
b0 '
b100100 (
b100100 %
b0 $
#21650
0!
0"
#21655
1!
1"
b1 '
b1 $
#21660
0!
0"
#21665
1!
1"
b10 '
b10 $
#21670
0!
0"
#21675
1!
1"
b11 '
b11 $
#21680
0!
0"
#21685
1!
1"
b100 '
b100 $
#21690
0!
0"
#21695
1!
1"
b101 '
b101 $
#21700
0!
0"
#21705
1!
1"
b110 '
b110 $
#21710
0!
0"
#21715
1!
1"
b111 '
b111 $
#21720
0!
0"
#21725
1!
1"
b1000 '
b1000 $
#21730
0!
0"
#21735
1!
1"
b1001 '
b1001 $
#21740
0!
0"
#21745
1!
1"
b1010 '
b1010 $
#21750
0!
0"
#21755
1!
1"
b1011 '
b1011 $
#21760
0!
0"
#21765
1!
1"
b1100 '
b1100 $
#21770
0!
0"
#21775
1!
1"
b1101 '
b1101 $
#21780
0!
0"
#21785
1!
1"
b1110 '
b1110 $
#21790
0!
0"
#21795
1!
1"
b1111 '
b1111 $
#21800
0!
0"
#21805
1!
1"
b10000 '
b10000 $
#21810
0!
0"
#21815
1!
1"
b10001 '
b10001 $
#21820
0!
0"
#21825
1!
1"
b10010 '
b10010 $
#21830
0!
0"
#21835
1!
1"
b10011 '
b10011 $
#21840
0!
0"
#21845
1!
1"
b10100 '
b10100 $
#21850
0!
0"
#21855
1!
1"
b10101 '
b10101 $
#21860
0!
0"
#21865
1!
1"
b10110 '
b10110 $
#21870
0!
0"
#21875
1!
1"
b10111 '
b10111 $
#21880
0!
0"
#21885
1!
1"
b11000 '
b11000 $
#21890
0!
0"
#21895
1!
1"
b11001 '
b11001 $
#21900
0!
0"
#21905
1!
1"
b11010 '
b11010 $
#21910
0!
0"
#21915
1!
1"
b11011 '
b11011 $
#21920
0!
0"
#21925
1!
1"
b11100 '
b11100 $
#21930
0!
0"
#21935
1!
1"
b11101 '
b11101 $
#21940
0!
0"
#21945
1!
1"
b11110 '
b11110 $
#21950
0!
0"
#21955
1!
1"
b11111 '
b11111 $
#21960
0!
0"
#21965
1!
1"
b100000 '
b100000 $
#21970
0!
0"
#21975
1!
1"
b100001 '
b100001 $
#21980
0!
0"
#21985
1!
1"
b100010 '
b100010 $
#21990
0!
0"
#21995
1!
1"
b100011 '
b100011 $
#22000
0!
0"
#22005
1!
1"
b100100 '
b100100 $
#22010
0!
0"
#22015
1!
1"
b100101 '
b100101 $
#22020
0!
0"
#22025
1!
1"
b100110 '
b100110 $
#22030
0!
0"
#22035
1!
1"
b100111 '
b100111 $
#22040
0!
0"
#22045
1!
1"
b101000 '
b101000 $
#22050
0!
0"
#22055
1!
1"
b101001 '
b101001 $
#22060
0!
0"
#22065
1!
1"
b101010 '
b101010 $
#22070
0!
0"
#22075
1!
1"
b101011 '
b101011 $
#22080
0!
0"
#22085
1!
1"
b101100 '
b101100 $
#22090
0!
0"
#22095
1!
1"
b101101 '
b101101 $
#22100
0!
0"
#22105
1!
1"
b101110 '
b101110 $
#22110
0!
0"
#22115
1!
1"
b101111 '
b101111 $
#22120
0!
0"
#22125
1!
1"
b110000 '
b110000 $
#22130
0!
0"
#22135
1!
1"
b110001 '
b110001 $
#22140
0!
0"
#22145
1!
1"
b110010 '
b110010 $
#22150
0!
0"
#22155
1!
1"
b110011 '
b110011 $
#22160
0!
0"
#22165
1!
1"
b110100 '
b110100 $
#22170
0!
0"
#22175
1!
1"
b110101 '
b110101 $
#22180
0!
0"
#22185
1!
1"
b110110 '
b110110 $
#22190
0!
0"
#22195
1!
1"
b110111 '
b110111 $
#22200
0!
0"
#22205
1!
1"
b111000 '
b111000 $
#22210
0!
0"
#22215
1!
1"
b111001 '
b111001 $
#22220
0!
0"
#22225
1!
1"
b111010 '
b111010 $
#22230
0!
0"
#22235
1!
1"
b111011 '
b111011 $
#22240
0!
0"
#22245
1!
1"
b0 '
b100101 (
b100101 %
b0 $
#22250
0!
0"
#22255
1!
1"
b1 '
b1 $
#22260
0!
0"
#22265
1!
1"
b10 '
b10 $
#22270
0!
0"
#22275
1!
1"
b11 '
b11 $
#22280
0!
0"
#22285
1!
1"
b100 '
b100 $
#22290
0!
0"
#22295
1!
1"
b101 '
b101 $
#22300
0!
0"
#22305
1!
1"
b110 '
b110 $
#22310
0!
0"
#22315
1!
1"
b111 '
b111 $
#22320
0!
0"
#22325
1!
1"
b1000 '
b1000 $
#22330
0!
0"
#22335
1!
1"
b1001 '
b1001 $
#22340
0!
0"
#22345
1!
1"
b1010 '
b1010 $
#22350
0!
0"
#22355
1!
1"
b1011 '
b1011 $
#22360
0!
0"
#22365
1!
1"
b1100 '
b1100 $
#22370
0!
0"
#22375
1!
1"
b1101 '
b1101 $
#22380
0!
0"
#22385
1!
1"
b1110 '
b1110 $
#22390
0!
0"
#22395
1!
1"
b1111 '
b1111 $
#22400
0!
0"
#22405
1!
1"
b10000 '
b10000 $
#22410
0!
0"
#22415
1!
1"
b10001 '
b10001 $
#22420
0!
0"
#22425
1!
1"
b10010 '
b10010 $
#22430
0!
0"
#22435
1!
1"
b10011 '
b10011 $
#22440
0!
0"
#22445
1!
1"
b10100 '
b10100 $
#22450
0!
0"
#22455
1!
1"
b10101 '
b10101 $
#22460
0!
0"
#22465
1!
1"
b10110 '
b10110 $
#22470
0!
0"
#22475
1!
1"
b10111 '
b10111 $
#22480
0!
0"
#22485
1!
1"
b11000 '
b11000 $
#22490
0!
0"
#22495
1!
1"
b11001 '
b11001 $
#22500
0!
0"
#22505
1!
1"
b11010 '
b11010 $
#22510
0!
0"
#22515
1!
1"
b11011 '
b11011 $
#22520
0!
0"
#22525
1!
1"
b11100 '
b11100 $
#22530
0!
0"
#22535
1!
1"
b11101 '
b11101 $
#22540
0!
0"
#22545
1!
1"
b11110 '
b11110 $
#22550
0!
0"
#22555
1!
1"
b11111 '
b11111 $
#22560
0!
0"
#22565
1!
1"
b100000 '
b100000 $
#22570
0!
0"
#22575
1!
1"
b100001 '
b100001 $
#22580
0!
0"
#22585
1!
1"
b100010 '
b100010 $
#22590
0!
0"
#22595
1!
1"
b100011 '
b100011 $
#22600
0!
0"
#22605
1!
1"
b100100 '
b100100 $
#22610
0!
0"
#22615
1!
1"
b100101 '
b100101 $
#22620
0!
0"
#22625
1!
1"
b100110 '
b100110 $
#22630
0!
0"
#22635
1!
1"
b100111 '
b100111 $
#22640
0!
0"
#22645
1!
1"
b101000 '
b101000 $
#22650
0!
0"
#22655
1!
1"
b101001 '
b101001 $
#22660
0!
0"
#22665
1!
1"
b101010 '
b101010 $
#22670
0!
0"
#22675
1!
1"
b101011 '
b101011 $
#22680
0!
0"
#22685
1!
1"
b101100 '
b101100 $
#22690
0!
0"
#22695
1!
1"
b101101 '
b101101 $
#22700
0!
0"
#22705
1!
1"
b101110 '
b101110 $
#22710
0!
0"
#22715
1!
1"
b101111 '
b101111 $
#22720
0!
0"
#22725
1!
1"
b110000 '
b110000 $
#22730
0!
0"
#22735
1!
1"
b110001 '
b110001 $
#22740
0!
0"
#22745
1!
1"
b110010 '
b110010 $
#22750
0!
0"
#22755
1!
1"
b110011 '
b110011 $
#22760
0!
0"
#22765
1!
1"
b110100 '
b110100 $
#22770
0!
0"
#22775
1!
1"
b110101 '
b110101 $
#22780
0!
0"
#22785
1!
1"
b110110 '
b110110 $
#22790
0!
0"
#22795
1!
1"
b110111 '
b110111 $
#22800
0!
0"
#22805
1!
1"
b111000 '
b111000 $
#22810
0!
0"
#22815
1!
1"
b111001 '
b111001 $
#22820
0!
0"
#22825
1!
1"
b111010 '
b111010 $
#22830
0!
0"
#22835
1!
1"
b111011 '
b111011 $
#22840
0!
0"
#22845
1!
1"
b0 '
b100110 (
b100110 %
b0 $
#22850
0!
0"
#22855
1!
1"
b1 '
b1 $
#22860
0!
0"
#22865
1!
1"
b10 '
b10 $
#22870
0!
0"
#22875
1!
1"
b11 '
b11 $
#22880
0!
0"
#22885
1!
1"
b100 '
b100 $
#22890
0!
0"
#22895
1!
1"
b101 '
b101 $
#22900
0!
0"
#22905
1!
1"
b110 '
b110 $
#22910
0!
0"
#22915
1!
1"
b111 '
b111 $
#22920
0!
0"
#22925
1!
1"
b1000 '
b1000 $
#22930
0!
0"
#22935
1!
1"
b1001 '
b1001 $
#22940
0!
0"
#22945
1!
1"
b1010 '
b1010 $
#22950
0!
0"
#22955
1!
1"
b1011 '
b1011 $
#22960
0!
0"
#22965
1!
1"
b1100 '
b1100 $
#22970
0!
0"
#22975
1!
1"
b1101 '
b1101 $
#22980
0!
0"
#22985
1!
1"
b1110 '
b1110 $
#22990
0!
0"
#22995
1!
1"
b1111 '
b1111 $
#23000
0!
0"
#23005
1!
1"
b10000 '
b10000 $
#23010
0!
0"
#23015
1!
1"
b10001 '
b10001 $
#23020
0!
0"
#23025
1!
1"
b10010 '
b10010 $
#23030
0!
0"
#23035
1!
1"
b10011 '
b10011 $
#23040
0!
0"
#23045
1!
1"
b10100 '
b10100 $
#23050
0!
0"
#23055
1!
1"
b10101 '
b10101 $
#23060
0!
0"
#23065
1!
1"
b10110 '
b10110 $
#23070
0!
0"
#23075
1!
1"
b10111 '
b10111 $
#23080
0!
0"
#23085
1!
1"
b11000 '
b11000 $
#23090
0!
0"
#23095
1!
1"
b11001 '
b11001 $
#23100
0!
0"
#23105
1!
1"
b11010 '
b11010 $
#23110
0!
0"
#23115
1!
1"
b11011 '
b11011 $
#23120
0!
0"
#23125
1!
1"
b11100 '
b11100 $
#23130
0!
0"
#23135
1!
1"
b11101 '
b11101 $
#23140
0!
0"
#23145
1!
1"
b11110 '
b11110 $
#23150
0!
0"
#23155
1!
1"
b11111 '
b11111 $
#23160
0!
0"
#23165
1!
1"
b100000 '
b100000 $
#23170
0!
0"
#23175
1!
1"
b100001 '
b100001 $
#23180
0!
0"
#23185
1!
1"
b100010 '
b100010 $
#23190
0!
0"
#23195
1!
1"
b100011 '
b100011 $
#23200
0!
0"
#23205
1!
1"
b100100 '
b100100 $
#23210
0!
0"
#23215
1!
1"
b100101 '
b100101 $
#23220
0!
0"
#23225
1!
1"
b100110 '
b100110 $
#23230
0!
0"
#23235
1!
1"
b100111 '
b100111 $
#23240
0!
0"
#23245
1!
1"
b101000 '
b101000 $
#23250
0!
0"
#23255
1!
1"
b101001 '
b101001 $
#23260
0!
0"
#23265
1!
1"
b101010 '
b101010 $
#23270
0!
0"
#23275
1!
1"
b101011 '
b101011 $
#23280
0!
0"
#23285
1!
1"
b101100 '
b101100 $
#23290
0!
0"
#23295
1!
1"
b101101 '
b101101 $
#23300
0!
0"
#23305
1!
1"
b101110 '
b101110 $
#23310
0!
0"
#23315
1!
1"
b101111 '
b101111 $
#23320
0!
0"
#23325
1!
1"
b110000 '
b110000 $
#23330
0!
0"
#23335
1!
1"
b110001 '
b110001 $
#23340
0!
0"
#23345
1!
1"
b110010 '
b110010 $
#23350
0!
0"
#23355
1!
1"
b110011 '
b110011 $
#23360
0!
0"
#23365
1!
1"
b110100 '
b110100 $
#23370
0!
0"
#23375
1!
1"
b110101 '
b110101 $
#23380
0!
0"
#23385
1!
1"
b110110 '
b110110 $
#23390
0!
0"
#23395
1!
1"
b110111 '
b110111 $
#23400
0!
0"
#23405
1!
1"
b111000 '
b111000 $
#23410
0!
0"
#23415
1!
1"
b111001 '
b111001 $
#23420
0!
0"
#23425
1!
1"
b111010 '
b111010 $
#23430
0!
0"
#23435
1!
1"
b111011 '
b111011 $
#23440
0!
0"
#23445
1!
1"
b0 '
b100111 (
b100111 %
b0 $
#23450
0!
0"
#23455
1!
1"
b1 '
b1 $
#23460
0!
0"
#23465
1!
1"
b10 '
b10 $
#23470
0!
0"
#23475
1!
1"
b11 '
b11 $
#23480
0!
0"
#23485
1!
1"
b100 '
b100 $
#23490
0!
0"
#23495
1!
1"
b101 '
b101 $
#23500
0!
0"
#23505
1!
1"
b110 '
b110 $
#23510
0!
0"
#23515
1!
1"
b111 '
b111 $
#23520
0!
0"
#23525
1!
1"
b1000 '
b1000 $
#23530
0!
0"
#23535
1!
1"
b1001 '
b1001 $
#23540
0!
0"
#23545
1!
1"
b1010 '
b1010 $
#23550
0!
0"
#23555
1!
1"
b1011 '
b1011 $
#23560
0!
0"
#23565
1!
1"
b1100 '
b1100 $
#23570
0!
0"
#23575
1!
1"
b1101 '
b1101 $
#23580
0!
0"
#23585
1!
1"
b1110 '
b1110 $
#23590
0!
0"
#23595
1!
1"
b1111 '
b1111 $
#23600
0!
0"
#23605
1!
1"
b10000 '
b10000 $
#23610
0!
0"
#23615
1!
1"
b10001 '
b10001 $
#23620
0!
0"
#23625
1!
1"
b10010 '
b10010 $
#23630
0!
0"
#23635
1!
1"
b10011 '
b10011 $
#23640
0!
0"
#23645
1!
1"
b10100 '
b10100 $
#23650
0!
0"
#23655
1!
1"
b10101 '
b10101 $
#23660
0!
0"
#23665
1!
1"
b10110 '
b10110 $
#23670
0!
0"
#23675
1!
1"
b10111 '
b10111 $
#23680
0!
0"
#23685
1!
1"
b11000 '
b11000 $
#23690
0!
0"
#23695
1!
1"
b11001 '
b11001 $
#23700
0!
0"
#23705
1!
1"
b11010 '
b11010 $
#23710
0!
0"
#23715
1!
1"
b11011 '
b11011 $
#23720
0!
0"
#23725
1!
1"
b11100 '
b11100 $
#23730
0!
0"
#23735
1!
1"
b11101 '
b11101 $
#23740
0!
0"
#23745
1!
1"
b11110 '
b11110 $
#23750
0!
0"
#23755
1!
1"
b11111 '
b11111 $
#23760
0!
0"
#23765
1!
1"
b100000 '
b100000 $
#23770
0!
0"
#23775
1!
1"
b100001 '
b100001 $
#23780
0!
0"
#23785
1!
1"
b100010 '
b100010 $
#23790
0!
0"
#23795
1!
1"
b100011 '
b100011 $
#23800
0!
0"
#23805
1!
1"
b100100 '
b100100 $
#23810
0!
0"
#23815
1!
1"
b100101 '
b100101 $
#23820
0!
0"
#23825
1!
1"
b100110 '
b100110 $
#23830
0!
0"
#23835
1!
1"
b100111 '
b100111 $
#23840
0!
0"
#23845
1!
1"
b101000 '
b101000 $
#23850
0!
0"
#23855
1!
1"
b101001 '
b101001 $
#23860
0!
0"
#23865
1!
1"
b101010 '
b101010 $
#23870
0!
0"
#23875
1!
1"
b101011 '
b101011 $
#23880
0!
0"
#23885
1!
1"
b101100 '
b101100 $
#23890
0!
0"
#23895
1!
1"
b101101 '
b101101 $
#23900
0!
0"
#23905
1!
1"
b101110 '
b101110 $
#23910
0!
0"
#23915
1!
1"
b101111 '
b101111 $
#23920
0!
0"
#23925
1!
1"
b110000 '
b110000 $
#23930
0!
0"
#23935
1!
1"
b110001 '
b110001 $
#23940
0!
0"
#23945
1!
1"
b110010 '
b110010 $
#23950
0!
0"
#23955
1!
1"
b110011 '
b110011 $
#23960
0!
0"
#23965
1!
1"
b110100 '
b110100 $
#23970
0!
0"
#23975
1!
1"
b110101 '
b110101 $
#23980
0!
0"
#23985
1!
1"
b110110 '
b110110 $
#23990
0!
0"
#23995
1!
1"
b110111 '
b110111 $
#24000
0!
0"
#24005
1!
1"
b111000 '
b111000 $
#24010
0!
0"
#24015
1!
1"
b111001 '
b111001 $
#24020
0!
0"
#24025
1!
1"
b111010 '
b111010 $
#24030
0!
0"
#24035
1!
1"
b111011 '
b111011 $
#24040
0!
0"
#24045
1!
1"
b0 '
b101000 (
b101000 %
b0 $
#24050
0!
0"
#24055
1!
1"
b1 '
b1 $
#24060
0!
0"
#24065
1!
1"
b10 '
b10 $
#24070
0!
0"
#24075
1!
1"
b11 '
b11 $
#24080
0!
0"
#24085
1!
1"
b100 '
b100 $
#24090
0!
0"
#24095
1!
1"
b101 '
b101 $
#24100
0!
0"
#24105
1!
1"
b110 '
b110 $
#24110
0!
0"
#24115
1!
1"
b111 '
b111 $
#24120
0!
0"
#24125
1!
1"
b1000 '
b1000 $
#24130
0!
0"
#24135
1!
1"
b1001 '
b1001 $
#24140
0!
0"
#24145
1!
1"
b1010 '
b1010 $
#24150
0!
0"
#24155
1!
1"
b1011 '
b1011 $
#24160
0!
0"
#24165
1!
1"
b1100 '
b1100 $
#24170
0!
0"
#24175
1!
1"
b1101 '
b1101 $
#24180
0!
0"
#24185
1!
1"
b1110 '
b1110 $
#24190
0!
0"
#24195
1!
1"
b1111 '
b1111 $
#24200
0!
0"
#24205
1!
1"
b10000 '
b10000 $
#24210
0!
0"
#24215
1!
1"
b10001 '
b10001 $
#24220
0!
0"
#24225
1!
1"
b10010 '
b10010 $
#24230
0!
0"
#24235
1!
1"
b10011 '
b10011 $
#24240
0!
0"
#24245
1!
1"
b10100 '
b10100 $
#24250
0!
0"
#24255
1!
1"
b10101 '
b10101 $
#24260
0!
0"
#24265
1!
1"
b10110 '
b10110 $
#24270
0!
0"
#24275
1!
1"
b10111 '
b10111 $
#24280
0!
0"
#24285
1!
1"
b11000 '
b11000 $
#24290
0!
0"
#24295
1!
1"
b11001 '
b11001 $
#24300
0!
0"
#24305
1!
1"
b11010 '
b11010 $
#24310
0!
0"
#24315
1!
1"
b11011 '
b11011 $
#24320
0!
0"
#24325
1!
1"
b11100 '
b11100 $
#24330
0!
0"
#24335
1!
1"
b11101 '
b11101 $
#24340
0!
0"
#24345
1!
1"
b11110 '
b11110 $
#24350
0!
0"
#24355
1!
1"
b11111 '
b11111 $
#24360
0!
0"
#24365
1!
1"
b100000 '
b100000 $
#24370
0!
0"
#24375
1!
1"
b100001 '
b100001 $
#24380
0!
0"
#24385
1!
1"
b100010 '
b100010 $
#24390
0!
0"
#24395
1!
1"
b100011 '
b100011 $
#24400
0!
0"
#24405
1!
1"
b100100 '
b100100 $
#24410
0!
0"
#24415
1!
1"
b100101 '
b100101 $
#24420
0!
0"
#24425
1!
1"
b100110 '
b100110 $
#24430
0!
0"
#24435
1!
1"
b100111 '
b100111 $
#24440
0!
0"
#24445
1!
1"
b101000 '
b101000 $
#24450
0!
0"
#24455
1!
1"
b101001 '
b101001 $
#24460
0!
0"
#24465
1!
1"
b101010 '
b101010 $
#24470
0!
0"
#24475
1!
1"
b101011 '
b101011 $
#24480
0!
0"
#24485
1!
1"
b101100 '
b101100 $
#24490
0!
0"
#24495
1!
1"
b101101 '
b101101 $
#24500
0!
0"
#24505
1!
1"
b101110 '
b101110 $
#24510
0!
0"
#24515
1!
1"
b101111 '
b101111 $
#24520
0!
0"
#24525
1!
1"
b110000 '
b110000 $
#24530
0!
0"
#24535
1!
1"
b110001 '
b110001 $
#24540
0!
0"
#24545
1!
1"
b110010 '
b110010 $
#24550
0!
0"
#24555
1!
1"
b110011 '
b110011 $
#24560
0!
0"
#24565
1!
1"
b110100 '
b110100 $
#24570
0!
0"
#24575
1!
1"
b110101 '
b110101 $
#24580
0!
0"
#24585
1!
1"
b110110 '
b110110 $
#24590
0!
0"
#24595
1!
1"
b110111 '
b110111 $
#24600
0!
0"
#24605
1!
1"
b111000 '
b111000 $
#24610
0!
0"
#24615
1!
1"
b111001 '
b111001 $
#24620
0!
0"
#24625
1!
1"
b111010 '
b111010 $
#24630
0!
0"
#24635
1!
1"
b111011 '
b111011 $
#24640
0!
0"
#24645
1!
1"
b0 '
b101001 (
b101001 %
b0 $
#24650
0!
0"
#24655
1!
1"
b1 '
b1 $
#24660
0!
0"
#24665
1!
1"
b10 '
b10 $
#24670
0!
0"
#24675
1!
1"
b11 '
b11 $
#24680
0!
0"
#24685
1!
1"
b100 '
b100 $
#24690
0!
0"
#24695
1!
1"
b101 '
b101 $
#24700
0!
0"
#24705
1!
1"
b110 '
b110 $
#24710
0!
0"
#24715
1!
1"
b111 '
b111 $
#24720
0!
0"
#24725
1!
1"
b1000 '
b1000 $
#24730
0!
0"
#24735
1!
1"
b1001 '
b1001 $
#24740
0!
0"
#24745
1!
1"
b1010 '
b1010 $
#24750
0!
0"
#24755
1!
1"
b1011 '
b1011 $
#24760
0!
0"
#24765
1!
1"
b1100 '
b1100 $
#24770
0!
0"
#24775
1!
1"
b1101 '
b1101 $
#24780
0!
0"
#24785
1!
1"
b1110 '
b1110 $
#24790
0!
0"
#24795
1!
1"
b1111 '
b1111 $
#24800
0!
0"
#24805
1!
1"
b10000 '
b10000 $
#24810
0!
0"
#24815
1!
1"
b10001 '
b10001 $
#24820
0!
0"
#24825
1!
1"
b10010 '
b10010 $
#24830
0!
0"
#24835
1!
1"
b10011 '
b10011 $
#24840
0!
0"
#24845
1!
1"
b10100 '
b10100 $
#24850
0!
0"
#24855
1!
1"
b10101 '
b10101 $
#24860
0!
0"
#24865
1!
1"
b10110 '
b10110 $
#24870
0!
0"
#24875
1!
1"
b10111 '
b10111 $
#24880
0!
0"
#24885
1!
1"
b11000 '
b11000 $
#24890
0!
0"
#24895
1!
1"
b11001 '
b11001 $
#24900
0!
0"
#24905
1!
1"
b11010 '
b11010 $
#24910
0!
0"
#24915
1!
1"
b11011 '
b11011 $
#24920
0!
0"
#24925
1!
1"
b11100 '
b11100 $
#24930
0!
0"
#24935
1!
1"
b11101 '
b11101 $
#24940
0!
0"
#24945
1!
1"
b11110 '
b11110 $
#24950
0!
0"
#24955
1!
1"
b11111 '
b11111 $
#24960
0!
0"
#24965
1!
1"
b100000 '
b100000 $
#24970
0!
0"
#24975
1!
1"
b100001 '
b100001 $
#24980
0!
0"
#24985
1!
1"
b100010 '
b100010 $
#24990
0!
0"
#24995
1!
1"
b100011 '
b100011 $
#25000
0!
0"
#25005
1!
1"
b100100 '
b100100 $
#25010
0!
0"
#25015
1!
1"
b100101 '
b100101 $
#25020
0!
0"
#25025
1!
1"
b100110 '
b100110 $
#25030
0!
0"
#25035
1!
1"
b100111 '
b100111 $
#25040
0!
0"
#25045
1!
1"
b101000 '
b101000 $
#25050
0!
0"
#25055
1!
1"
b101001 '
b101001 $
#25060
0!
0"
#25065
1!
1"
b101010 '
b101010 $
#25070
0!
0"
#25075
1!
1"
b101011 '
b101011 $
#25080
0!
0"
#25085
1!
1"
b101100 '
b101100 $
#25090
0!
0"
#25095
1!
1"
b101101 '
b101101 $
#25100
0!
0"
#25105
1!
1"
b101110 '
b101110 $
#25110
0!
0"
#25115
1!
1"
b101111 '
b101111 $
#25120
0!
0"
#25125
1!
1"
b110000 '
b110000 $
#25130
0!
0"
#25135
1!
1"
b110001 '
b110001 $
#25140
0!
0"
#25145
1!
1"
b110010 '
b110010 $
#25150
0!
0"
#25155
1!
1"
b110011 '
b110011 $
#25160
0!
0"
#25165
1!
1"
b110100 '
b110100 $
#25170
0!
0"
#25175
1!
1"
b110101 '
b110101 $
#25180
0!
0"
#25185
1!
1"
b110110 '
b110110 $
#25190
0!
0"
#25195
1!
1"
b110111 '
b110111 $
#25200
0!
0"
#25205
1!
1"
b111000 '
b111000 $
#25210
0!
0"
#25215
1!
1"
b111001 '
b111001 $
#25220
0!
0"
#25225
1!
1"
b111010 '
b111010 $
#25230
0!
0"
#25235
1!
1"
b111011 '
b111011 $
#25240
0!
0"
#25245
1!
1"
b0 '
b101010 (
b101010 %
b0 $
#25250
0!
0"
#25255
1!
1"
b1 '
b1 $
#25260
0!
0"
#25265
1!
1"
b10 '
b10 $
#25270
0!
0"
#25275
1!
1"
b11 '
b11 $
#25280
0!
0"
#25285
1!
1"
b100 '
b100 $
#25290
0!
0"
#25295
1!
1"
b101 '
b101 $
#25300
0!
0"
#25305
1!
1"
b110 '
b110 $
#25310
0!
0"
#25315
1!
1"
b111 '
b111 $
#25320
0!
0"
#25325
1!
1"
b1000 '
b1000 $
#25330
0!
0"
#25335
1!
1"
b1001 '
b1001 $
#25340
0!
0"
#25345
1!
1"
b1010 '
b1010 $
#25350
0!
0"
#25355
1!
1"
b1011 '
b1011 $
#25360
0!
0"
#25365
1!
1"
b1100 '
b1100 $
#25370
0!
0"
#25375
1!
1"
b1101 '
b1101 $
#25380
0!
0"
#25385
1!
1"
b1110 '
b1110 $
#25390
0!
0"
#25395
1!
1"
b1111 '
b1111 $
#25400
0!
0"
#25405
1!
1"
b10000 '
b10000 $
#25410
0!
0"
#25415
1!
1"
b10001 '
b10001 $
#25420
0!
0"
#25425
1!
1"
b10010 '
b10010 $
#25430
0!
0"
#25435
1!
1"
b10011 '
b10011 $
#25440
0!
0"
#25445
1!
1"
b10100 '
b10100 $
#25450
0!
0"
#25455
1!
1"
b10101 '
b10101 $
#25460
0!
0"
#25465
1!
1"
b10110 '
b10110 $
#25470
0!
0"
#25475
1!
1"
b10111 '
b10111 $
#25480
0!
0"
#25485
1!
1"
b11000 '
b11000 $
#25490
0!
0"
#25495
1!
1"
b11001 '
b11001 $
#25500
0!
0"
#25505
1!
1"
b11010 '
b11010 $
#25510
0!
0"
#25515
1!
1"
b11011 '
b11011 $
#25520
0!
0"
#25525
1!
1"
b11100 '
b11100 $
#25530
0!
0"
#25535
1!
1"
b11101 '
b11101 $
#25540
0!
0"
#25545
1!
1"
b11110 '
b11110 $
#25550
0!
0"
#25555
1!
1"
b11111 '
b11111 $
#25560
0!
0"
#25565
1!
1"
b100000 '
b100000 $
#25570
0!
0"
#25575
1!
1"
b100001 '
b100001 $
#25580
0!
0"
#25585
1!
1"
b100010 '
b100010 $
#25590
0!
0"
#25595
1!
1"
b100011 '
b100011 $
#25600
0!
0"
#25605
1!
1"
b100100 '
b100100 $
#25610
0!
0"
#25615
1!
1"
b100101 '
b100101 $
#25620
0!
0"
#25625
1!
1"
b100110 '
b100110 $
#25630
0!
0"
#25635
1!
1"
b100111 '
b100111 $
#25640
0!
0"
#25645
1!
1"
b101000 '
b101000 $
#25650
0!
0"
#25655
1!
1"
b101001 '
b101001 $
#25660
0!
0"
#25665
1!
1"
b101010 '
b101010 $
#25670
0!
0"
#25675
1!
1"
b101011 '
b101011 $
#25680
0!
0"
#25685
1!
1"
b101100 '
b101100 $
#25690
0!
0"
#25695
1!
1"
b101101 '
b101101 $
#25700
0!
0"
#25705
1!
1"
b101110 '
b101110 $
#25710
0!
0"
#25715
1!
1"
b101111 '
b101111 $
#25720
0!
0"
#25725
1!
1"
b110000 '
b110000 $
#25730
0!
0"
#25735
1!
1"
b110001 '
b110001 $
#25740
0!
0"
#25745
1!
1"
b110010 '
b110010 $
#25750
0!
0"
#25755
1!
1"
b110011 '
b110011 $
#25760
0!
0"
#25765
1!
1"
b110100 '
b110100 $
#25770
0!
0"
#25775
1!
1"
b110101 '
b110101 $
#25780
0!
0"
#25785
1!
1"
b110110 '
b110110 $
#25790
0!
0"
#25795
1!
1"
b110111 '
b110111 $
#25800
0!
0"
#25805
1!
1"
b111000 '
b111000 $
#25810
0!
0"
#25815
1!
1"
b111001 '
b111001 $
#25820
0!
0"
#25825
1!
1"
b111010 '
b111010 $
#25830
0!
0"
#25835
1!
1"
b111011 '
b111011 $
#25840
0!
0"
#25845
1!
1"
b0 '
b101011 (
b101011 %
b0 $
#25850
0!
0"
#25855
1!
1"
b1 '
b1 $
#25860
0!
0"
#25865
1!
1"
b10 '
b10 $
#25870
0!
0"
#25875
1!
1"
b11 '
b11 $
#25880
0!
0"
#25885
1!
1"
b100 '
b100 $
#25890
0!
0"
#25895
1!
1"
b101 '
b101 $
#25900
0!
0"
#25905
1!
1"
b110 '
b110 $
#25910
0!
0"
#25915
1!
1"
b111 '
b111 $
#25920
0!
0"
#25925
1!
1"
b1000 '
b1000 $
#25930
0!
0"
#25935
1!
1"
b1001 '
b1001 $
#25940
0!
0"
#25945
1!
1"
b1010 '
b1010 $
#25950
0!
0"
#25955
1!
1"
b1011 '
b1011 $
#25960
0!
0"
#25965
1!
1"
b1100 '
b1100 $
#25970
0!
0"
#25975
1!
1"
b1101 '
b1101 $
#25980
0!
0"
#25985
1!
1"
b1110 '
b1110 $
#25990
0!
0"
#25995
1!
1"
b1111 '
b1111 $
#26000
0!
0"
#26005
1!
1"
b10000 '
b10000 $
#26010
0!
0"
#26015
1!
1"
b10001 '
b10001 $
#26020
0!
0"
#26025
1!
1"
b10010 '
b10010 $
#26030
0!
0"
#26035
1!
1"
b10011 '
b10011 $
#26040
0!
0"
#26045
1!
1"
b10100 '
b10100 $
#26050
0!
0"
#26055
1!
1"
b10101 '
b10101 $
#26060
0!
0"
#26065
1!
1"
b10110 '
b10110 $
#26070
0!
0"
#26075
1!
1"
b10111 '
b10111 $
#26080
0!
0"
#26085
1!
1"
b11000 '
b11000 $
#26090
0!
0"
#26095
1!
1"
b11001 '
b11001 $
#26100
0!
0"
#26105
1!
1"
b11010 '
b11010 $
#26110
0!
0"
#26115
1!
1"
b11011 '
b11011 $
#26120
0!
0"
#26125
1!
1"
b11100 '
b11100 $
#26130
0!
0"
#26135
1!
1"
b11101 '
b11101 $
#26140
0!
0"
#26145
1!
1"
b11110 '
b11110 $
#26150
0!
0"
#26155
1!
1"
b11111 '
b11111 $
#26160
0!
0"
#26165
1!
1"
b100000 '
b100000 $
#26170
0!
0"
#26175
1!
1"
b100001 '
b100001 $
#26180
0!
0"
#26185
1!
1"
b100010 '
b100010 $
#26190
0!
0"
#26195
1!
1"
b100011 '
b100011 $
#26200
0!
0"
#26205
1!
1"
b100100 '
b100100 $
#26210
0!
0"
#26215
1!
1"
b100101 '
b100101 $
#26220
0!
0"
#26225
1!
1"
b100110 '
b100110 $
#26230
0!
0"
#26235
1!
1"
b100111 '
b100111 $
#26240
0!
0"
#26245
1!
1"
b101000 '
b101000 $
#26250
0!
0"
#26255
1!
1"
b101001 '
b101001 $
#26260
0!
0"
#26265
1!
1"
b101010 '
b101010 $
#26270
0!
0"
#26275
1!
1"
b101011 '
b101011 $
#26280
0!
0"
#26285
1!
1"
b101100 '
b101100 $
#26290
0!
0"
#26295
1!
1"
b101101 '
b101101 $
#26300
0!
0"
#26305
1!
1"
b101110 '
b101110 $
#26310
0!
0"
#26315
1!
1"
b101111 '
b101111 $
#26320
0!
0"
#26325
1!
1"
b110000 '
b110000 $
#26330
0!
0"
#26335
1!
1"
b110001 '
b110001 $
#26340
0!
0"
#26345
1!
1"
b110010 '
b110010 $
#26350
0!
0"
#26355
1!
1"
b110011 '
b110011 $
#26360
0!
0"
#26365
1!
1"
b110100 '
b110100 $
#26370
0!
0"
#26375
1!
1"
b110101 '
b110101 $
#26380
0!
0"
#26385
1!
1"
b110110 '
b110110 $
#26390
0!
0"
#26395
1!
1"
b110111 '
b110111 $
#26400
0!
0"
#26405
1!
1"
b111000 '
b111000 $
#26410
0!
0"
#26415
1!
1"
b111001 '
b111001 $
#26420
0!
0"
#26425
1!
1"
b111010 '
b111010 $
#26430
0!
0"
#26435
1!
1"
b111011 '
b111011 $
#26440
0!
0"
#26445
1!
1"
b0 '
b101100 (
b101100 %
b0 $
#26450
0!
0"
#26455
1!
1"
b1 '
b1 $
#26460
0!
0"
#26465
1!
1"
b10 '
b10 $
#26470
0!
0"
#26475
1!
1"
b11 '
b11 $
#26480
0!
0"
#26485
1!
1"
b100 '
b100 $
#26490
0!
0"
#26495
1!
1"
b101 '
b101 $
#26500
0!
0"
#26505
1!
1"
b110 '
b110 $
#26510
0!
0"
#26515
1!
1"
b111 '
b111 $
#26520
0!
0"
#26525
1!
1"
b1000 '
b1000 $
#26530
0!
0"
#26535
1!
1"
b1001 '
b1001 $
#26540
0!
0"
#26545
1!
1"
b1010 '
b1010 $
#26550
0!
0"
#26555
1!
1"
b1011 '
b1011 $
#26560
0!
0"
#26565
1!
1"
b1100 '
b1100 $
#26570
0!
0"
#26575
1!
1"
b1101 '
b1101 $
#26580
0!
0"
#26585
1!
1"
b1110 '
b1110 $
#26590
0!
0"
#26595
1!
1"
b1111 '
b1111 $
#26600
0!
0"
#26605
1!
1"
b10000 '
b10000 $
#26610
0!
0"
#26615
1!
1"
b10001 '
b10001 $
#26620
0!
0"
#26625
1!
1"
b10010 '
b10010 $
#26630
0!
0"
#26635
1!
1"
b10011 '
b10011 $
#26640
0!
0"
#26645
1!
1"
b10100 '
b10100 $
#26650
0!
0"
#26655
1!
1"
b10101 '
b10101 $
#26660
0!
0"
#26665
1!
1"
b10110 '
b10110 $
#26670
0!
0"
#26675
1!
1"
b10111 '
b10111 $
#26680
0!
0"
#26685
1!
1"
b11000 '
b11000 $
#26690
0!
0"
#26695
1!
1"
b11001 '
b11001 $
#26700
0!
0"
#26705
1!
1"
b11010 '
b11010 $
#26710
0!
0"
#26715
1!
1"
b11011 '
b11011 $
#26720
0!
0"
#26725
1!
1"
b11100 '
b11100 $
#26730
0!
0"
#26735
1!
1"
b11101 '
b11101 $
#26740
0!
0"
#26745
1!
1"
b11110 '
b11110 $
#26750
0!
0"
#26755
1!
1"
b11111 '
b11111 $
#26760
0!
0"
#26765
1!
1"
b100000 '
b100000 $
#26770
0!
0"
#26775
1!
1"
b100001 '
b100001 $
#26780
0!
0"
#26785
1!
1"
b100010 '
b100010 $
#26790
0!
0"
#26795
1!
1"
b100011 '
b100011 $
#26800
0!
0"
#26805
1!
1"
b100100 '
b100100 $
#26810
0!
0"
#26815
1!
1"
b100101 '
b100101 $
#26820
0!
0"
#26825
1!
1"
b100110 '
b100110 $
#26830
0!
0"
#26835
1!
1"
b100111 '
b100111 $
#26840
0!
0"
#26845
1!
1"
b101000 '
b101000 $
#26850
0!
0"
#26855
1!
1"
b101001 '
b101001 $
#26860
0!
0"
#26865
1!
1"
b101010 '
b101010 $
#26870
0!
0"
#26875
1!
1"
b101011 '
b101011 $
#26880
0!
0"
#26885
1!
1"
b101100 '
b101100 $
#26890
0!
0"
#26895
1!
1"
b101101 '
b101101 $
#26900
0!
0"
#26905
1!
1"
b101110 '
b101110 $
#26910
0!
0"
#26915
1!
1"
b101111 '
b101111 $
#26920
0!
0"
#26925
1!
1"
b110000 '
b110000 $
#26930
0!
0"
#26935
1!
1"
b110001 '
b110001 $
#26940
0!
0"
#26945
1!
1"
b110010 '
b110010 $
#26950
0!
0"
#26955
1!
1"
b110011 '
b110011 $
#26960
0!
0"
#26965
1!
1"
b110100 '
b110100 $
#26970
0!
0"
#26975
1!
1"
b110101 '
b110101 $
#26980
0!
0"
#26985
1!
1"
b110110 '
b110110 $
#26990
0!
0"
#26995
1!
1"
b110111 '
b110111 $
#27000
0!
0"
#27005
1!
1"
b111000 '
b111000 $
#27010
0!
0"
#27015
1!
1"
b111001 '
b111001 $
#27020
0!
0"
#27025
1!
1"
b111010 '
b111010 $
#27030
0!
0"
#27035
1!
1"
b111011 '
b111011 $
#27040
0!
0"
#27045
1!
1"
b0 '
b101101 (
b101101 %
b0 $
#27050
0!
0"
#27055
1!
1"
b1 '
b1 $
#27060
0!
0"
#27065
1!
1"
b10 '
b10 $
#27070
0!
0"
#27075
1!
1"
b11 '
b11 $
#27080
0!
0"
#27085
1!
1"
b100 '
b100 $
#27090
0!
0"
#27095
1!
1"
b101 '
b101 $
#27100
0!
0"
#27105
1!
1"
b110 '
b110 $
#27110
0!
0"
#27115
1!
1"
b111 '
b111 $
#27120
0!
0"
#27125
1!
1"
b1000 '
b1000 $
#27130
0!
0"
#27135
1!
1"
b1001 '
b1001 $
#27140
0!
0"
#27145
1!
1"
b1010 '
b1010 $
#27150
0!
0"
#27155
1!
1"
b1011 '
b1011 $
#27160
0!
0"
#27165
1!
1"
b1100 '
b1100 $
#27170
0!
0"
#27175
1!
1"
b1101 '
b1101 $
#27180
0!
0"
#27185
1!
1"
b1110 '
b1110 $
#27190
0!
0"
#27195
1!
1"
b1111 '
b1111 $
#27200
0!
0"
#27205
1!
1"
b10000 '
b10000 $
#27210
0!
0"
#27215
1!
1"
b10001 '
b10001 $
#27220
0!
0"
#27225
1!
1"
b10010 '
b10010 $
#27230
0!
0"
#27235
1!
1"
b10011 '
b10011 $
#27240
0!
0"
#27245
1!
1"
b10100 '
b10100 $
#27250
0!
0"
#27255
1!
1"
b10101 '
b10101 $
#27260
0!
0"
#27265
1!
1"
b10110 '
b10110 $
#27270
0!
0"
#27275
1!
1"
b10111 '
b10111 $
#27280
0!
0"
#27285
1!
1"
b11000 '
b11000 $
#27290
0!
0"
#27295
1!
1"
b11001 '
b11001 $
#27300
0!
0"
#27305
1!
1"
b11010 '
b11010 $
#27310
0!
0"
#27315
1!
1"
b11011 '
b11011 $
#27320
0!
0"
#27325
1!
1"
b11100 '
b11100 $
#27330
0!
0"
#27335
1!
1"
b11101 '
b11101 $
#27340
0!
0"
#27345
1!
1"
b11110 '
b11110 $
#27350
0!
0"
#27355
1!
1"
b11111 '
b11111 $
#27360
0!
0"
#27365
1!
1"
b100000 '
b100000 $
#27370
0!
0"
#27375
1!
1"
b100001 '
b100001 $
#27380
0!
0"
#27385
1!
1"
b100010 '
b100010 $
#27390
0!
0"
#27395
1!
1"
b100011 '
b100011 $
#27400
0!
0"
#27405
1!
1"
b100100 '
b100100 $
#27410
0!
0"
#27415
1!
1"
b100101 '
b100101 $
#27420
0!
0"
#27425
1!
1"
b100110 '
b100110 $
#27430
0!
0"
#27435
1!
1"
b100111 '
b100111 $
#27440
0!
0"
#27445
1!
1"
b101000 '
b101000 $
#27450
0!
0"
#27455
1!
1"
b101001 '
b101001 $
#27460
0!
0"
#27465
1!
1"
b101010 '
b101010 $
#27470
0!
0"
#27475
1!
1"
b101011 '
b101011 $
#27480
0!
0"
#27485
1!
1"
b101100 '
b101100 $
#27490
0!
0"
#27495
1!
1"
b101101 '
b101101 $
#27500
0!
0"
#27505
1!
1"
b101110 '
b101110 $
#27510
0!
0"
#27515
1!
1"
b101111 '
b101111 $
#27520
0!
0"
#27525
1!
1"
b110000 '
b110000 $
#27530
0!
0"
#27535
1!
1"
b110001 '
b110001 $
#27540
0!
0"
#27545
1!
1"
b110010 '
b110010 $
#27550
0!
0"
#27555
1!
1"
b110011 '
b110011 $
#27560
0!
0"
#27565
1!
1"
b110100 '
b110100 $
#27570
0!
0"
#27575
1!
1"
b110101 '
b110101 $
#27580
0!
0"
#27585
1!
1"
b110110 '
b110110 $
#27590
0!
0"
#27595
1!
1"
b110111 '
b110111 $
#27600
0!
0"
#27605
1!
1"
b111000 '
b111000 $
#27610
0!
0"
#27615
1!
1"
b111001 '
b111001 $
#27620
0!
0"
#27625
1!
1"
b111010 '
b111010 $
#27630
0!
0"
#27635
1!
1"
b111011 '
b111011 $
#27640
0!
0"
#27645
1!
1"
b0 '
b101110 (
b101110 %
b0 $
#27650
0!
0"
#27655
1!
1"
b1 '
b1 $
#27660
0!
0"
#27665
1!
1"
b10 '
b10 $
#27670
0!
0"
#27675
1!
1"
b11 '
b11 $
#27680
0!
0"
#27685
1!
1"
b100 '
b100 $
#27690
0!
0"
#27695
1!
1"
b101 '
b101 $
#27700
0!
0"
#27705
1!
1"
b110 '
b110 $
#27710
0!
0"
#27715
1!
1"
b111 '
b111 $
#27720
0!
0"
#27725
1!
1"
b1000 '
b1000 $
#27730
0!
0"
#27735
1!
1"
b1001 '
b1001 $
#27740
0!
0"
#27745
1!
1"
b1010 '
b1010 $
#27750
0!
0"
#27755
1!
1"
b1011 '
b1011 $
#27760
0!
0"
#27765
1!
1"
b1100 '
b1100 $
#27770
0!
0"
#27775
1!
1"
b1101 '
b1101 $
#27780
0!
0"
#27785
1!
1"
b1110 '
b1110 $
#27790
0!
0"
#27795
1!
1"
b1111 '
b1111 $
#27800
0!
0"
#27805
1!
1"
b10000 '
b10000 $
#27810
0!
0"
#27815
1!
1"
b10001 '
b10001 $
#27820
0!
0"
#27825
1!
1"
b10010 '
b10010 $
#27830
0!
0"
#27835
1!
1"
b10011 '
b10011 $
#27840
0!
0"
#27845
1!
1"
b10100 '
b10100 $
#27850
0!
0"
#27855
1!
1"
b10101 '
b10101 $
#27860
0!
0"
#27865
1!
1"
b10110 '
b10110 $
#27870
0!
0"
#27875
1!
1"
b10111 '
b10111 $
#27880
0!
0"
#27885
1!
1"
b11000 '
b11000 $
#27890
0!
0"
#27895
1!
1"
b11001 '
b11001 $
#27900
0!
0"
#27905
1!
1"
b11010 '
b11010 $
#27910
0!
0"
#27915
1!
1"
b11011 '
b11011 $
#27920
0!
0"
#27925
1!
1"
b11100 '
b11100 $
#27930
0!
0"
#27935
1!
1"
b11101 '
b11101 $
#27940
0!
0"
#27945
1!
1"
b11110 '
b11110 $
#27950
0!
0"
#27955
1!
1"
b11111 '
b11111 $
#27960
0!
0"
#27965
1!
1"
b100000 '
b100000 $
#27970
0!
0"
#27975
1!
1"
b100001 '
b100001 $
#27980
0!
0"
#27985
1!
1"
b100010 '
b100010 $
#27990
0!
0"
#27995
1!
1"
b100011 '
b100011 $
#28000
0!
0"
#28005
1!
1"
b100100 '
b100100 $
#28010
0!
0"
#28015
1!
1"
b100101 '
b100101 $
#28020
0!
0"
#28025
1!
1"
b100110 '
b100110 $
#28030
0!
0"
#28035
1!
1"
b100111 '
b100111 $
#28040
0!
0"
#28045
1!
1"
b101000 '
b101000 $
#28050
0!
0"
#28055
1!
1"
b101001 '
b101001 $
#28060
0!
0"
#28065
1!
1"
b101010 '
b101010 $
#28070
0!
0"
#28075
1!
1"
b101011 '
b101011 $
#28080
0!
0"
#28085
1!
1"
b101100 '
b101100 $
#28090
0!
0"
#28095
1!
1"
b101101 '
b101101 $
#28100
0!
0"
#28105
1!
1"
b101110 '
b101110 $
#28110
0!
0"
#28115
1!
1"
b101111 '
b101111 $
#28120
0!
0"
#28125
1!
1"
b110000 '
b110000 $
#28130
0!
0"
#28135
1!
1"
b110001 '
b110001 $
#28140
0!
0"
#28145
1!
1"
b110010 '
b110010 $
#28150
0!
0"
#28155
1!
1"
b110011 '
b110011 $
#28160
0!
0"
#28165
1!
1"
b110100 '
b110100 $
#28170
0!
0"
#28175
1!
1"
b110101 '
b110101 $
#28180
0!
0"
#28185
1!
1"
b110110 '
b110110 $
#28190
0!
0"
#28195
1!
1"
b110111 '
b110111 $
#28200
0!
0"
#28205
1!
1"
b111000 '
b111000 $
#28210
0!
0"
#28215
1!
1"
b111001 '
b111001 $
#28220
0!
0"
#28225
1!
1"
b111010 '
b111010 $
#28230
0!
0"
#28235
1!
1"
b111011 '
b111011 $
#28240
0!
0"
#28245
1!
1"
b0 '
b101111 (
b101111 %
b0 $
#28250
0!
0"
#28255
1!
1"
b1 '
b1 $
#28260
0!
0"
#28265
1!
1"
b10 '
b10 $
#28270
0!
0"
#28275
1!
1"
b11 '
b11 $
#28280
0!
0"
#28285
1!
1"
b100 '
b100 $
#28290
0!
0"
#28295
1!
1"
b101 '
b101 $
#28300
0!
0"
#28305
1!
1"
b110 '
b110 $
#28310
0!
0"
#28315
1!
1"
b111 '
b111 $
#28320
0!
0"
#28325
1!
1"
b1000 '
b1000 $
#28330
0!
0"
#28335
1!
1"
b1001 '
b1001 $
#28340
0!
0"
#28345
1!
1"
b1010 '
b1010 $
#28350
0!
0"
#28355
1!
1"
b1011 '
b1011 $
#28360
0!
0"
#28365
1!
1"
b1100 '
b1100 $
#28370
0!
0"
#28375
1!
1"
b1101 '
b1101 $
#28380
0!
0"
#28385
1!
1"
b1110 '
b1110 $
#28390
0!
0"
#28395
1!
1"
b1111 '
b1111 $
#28400
0!
0"
#28405
1!
1"
b10000 '
b10000 $
#28410
0!
0"
#28415
1!
1"
b10001 '
b10001 $
#28420
0!
0"
#28425
1!
1"
b10010 '
b10010 $
#28430
0!
0"
#28435
1!
1"
b10011 '
b10011 $
#28440
0!
0"
#28445
1!
1"
b10100 '
b10100 $
#28450
0!
0"
#28455
1!
1"
b10101 '
b10101 $
#28460
0!
0"
#28465
1!
1"
b10110 '
b10110 $
#28470
0!
0"
#28475
1!
1"
b10111 '
b10111 $
#28480
0!
0"
#28485
1!
1"
b11000 '
b11000 $
#28490
0!
0"
#28495
1!
1"
b11001 '
b11001 $
#28500
0!
0"
#28505
1!
1"
b11010 '
b11010 $
#28510
0!
0"
#28515
1!
1"
b11011 '
b11011 $
#28520
0!
0"
#28525
1!
1"
b11100 '
b11100 $
#28530
0!
0"
#28535
1!
1"
b11101 '
b11101 $
#28540
0!
0"
#28545
1!
1"
b11110 '
b11110 $
#28550
0!
0"
#28555
1!
1"
b11111 '
b11111 $
#28560
0!
0"
#28565
1!
1"
b100000 '
b100000 $
#28570
0!
0"
#28575
1!
1"
b100001 '
b100001 $
#28580
0!
0"
#28585
1!
1"
b100010 '
b100010 $
#28590
0!
0"
#28595
1!
1"
b100011 '
b100011 $
#28600
0!
0"
#28605
1!
1"
b100100 '
b100100 $
#28610
0!
0"
#28615
1!
1"
b100101 '
b100101 $
#28620
0!
0"
#28625
1!
1"
b100110 '
b100110 $
#28630
0!
0"
#28635
1!
1"
b100111 '
b100111 $
#28640
0!
0"
#28645
1!
1"
b101000 '
b101000 $
#28650
0!
0"
#28655
1!
1"
b101001 '
b101001 $
#28660
0!
0"
#28665
1!
1"
b101010 '
b101010 $
#28670
0!
0"
#28675
1!
1"
b101011 '
b101011 $
#28680
0!
0"
#28685
1!
1"
b101100 '
b101100 $
#28690
0!
0"
#28695
1!
1"
b101101 '
b101101 $
#28700
0!
0"
#28705
1!
1"
b101110 '
b101110 $
#28710
0!
0"
#28715
1!
1"
b101111 '
b101111 $
#28720
0!
0"
#28725
1!
1"
b110000 '
b110000 $
#28730
0!
0"
#28735
1!
1"
b110001 '
b110001 $
#28740
0!
0"
#28745
1!
1"
b110010 '
b110010 $
#28750
0!
0"
#28755
1!
1"
b110011 '
b110011 $
#28760
0!
0"
#28765
1!
1"
b110100 '
b110100 $
#28770
0!
0"
#28775
1!
1"
b110101 '
b110101 $
#28780
0!
0"
#28785
1!
1"
b110110 '
b110110 $
#28790
0!
0"
#28795
1!
1"
b110111 '
b110111 $
#28800
0!
0"
#28805
1!
1"
b111000 '
b111000 $
#28810
0!
0"
#28815
1!
1"
b111001 '
b111001 $
#28820
0!
0"
#28825
1!
1"
b111010 '
b111010 $
#28830
0!
0"
#28835
1!
1"
b111011 '
b111011 $
#28840
0!
0"
#28845
1!
1"
b0 '
b110000 (
b110000 %
b0 $
#28850
0!
0"
#28855
1!
1"
b1 '
b1 $
#28860
0!
0"
#28865
1!
1"
b10 '
b10 $
#28870
0!
0"
#28875
1!
1"
b11 '
b11 $
#28880
0!
0"
#28885
1!
1"
b100 '
b100 $
#28890
0!
0"
#28895
1!
1"
b101 '
b101 $
#28900
0!
0"
#28905
1!
1"
b110 '
b110 $
#28910
0!
0"
#28915
1!
1"
b111 '
b111 $
#28920
0!
0"
#28925
1!
1"
b1000 '
b1000 $
#28930
0!
0"
#28935
1!
1"
b1001 '
b1001 $
#28940
0!
0"
#28945
1!
1"
b1010 '
b1010 $
#28950
0!
0"
#28955
1!
1"
b1011 '
b1011 $
#28960
0!
0"
#28965
1!
1"
b1100 '
b1100 $
#28970
0!
0"
#28975
1!
1"
b1101 '
b1101 $
#28980
0!
0"
#28985
1!
1"
b1110 '
b1110 $
#28990
0!
0"
#28995
1!
1"
b1111 '
b1111 $
#29000
0!
0"
#29005
1!
1"
b10000 '
b10000 $
#29010
0!
0"
#29015
1!
1"
b10001 '
b10001 $
#29020
0!
0"
#29025
1!
1"
b10010 '
b10010 $
#29030
0!
0"
#29035
1!
1"
b10011 '
b10011 $
#29040
0!
0"
#29045
1!
1"
b10100 '
b10100 $
#29050
0!
0"
#29055
1!
1"
b10101 '
b10101 $
#29060
0!
0"
#29065
1!
1"
b10110 '
b10110 $
#29070
0!
0"
#29075
1!
1"
b10111 '
b10111 $
#29080
0!
0"
#29085
1!
1"
b11000 '
b11000 $
#29090
0!
0"
#29095
1!
1"
b11001 '
b11001 $
#29100
0!
0"
#29105
1!
1"
b11010 '
b11010 $
#29110
0!
0"
#29115
1!
1"
b11011 '
b11011 $
#29120
0!
0"
#29125
1!
1"
b11100 '
b11100 $
#29130
0!
0"
#29135
1!
1"
b11101 '
b11101 $
#29140
0!
0"
#29145
1!
1"
b11110 '
b11110 $
#29150
0!
0"
#29155
1!
1"
b11111 '
b11111 $
#29160
0!
0"
#29165
1!
1"
b100000 '
b100000 $
#29170
0!
0"
#29175
1!
1"
b100001 '
b100001 $
#29180
0!
0"
#29185
1!
1"
b100010 '
b100010 $
#29190
0!
0"
#29195
1!
1"
b100011 '
b100011 $
#29200
0!
0"
#29205
1!
1"
b100100 '
b100100 $
#29210
0!
0"
#29215
1!
1"
b100101 '
b100101 $
#29220
0!
0"
#29225
1!
1"
b100110 '
b100110 $
#29230
0!
0"
#29235
1!
1"
b100111 '
b100111 $
#29240
0!
0"
#29245
1!
1"
b101000 '
b101000 $
#29250
0!
0"
#29255
1!
1"
b101001 '
b101001 $
#29260
0!
0"
#29265
1!
1"
b101010 '
b101010 $
#29270
0!
0"
#29275
1!
1"
b101011 '
b101011 $
#29280
0!
0"
#29285
1!
1"
b101100 '
b101100 $
#29290
0!
0"
#29295
1!
1"
b101101 '
b101101 $
#29300
0!
0"
#29305
1!
1"
b101110 '
b101110 $
#29310
0!
0"
#29315
1!
1"
b101111 '
b101111 $
#29320
0!
0"
#29325
1!
1"
b110000 '
b110000 $
#29330
0!
0"
#29335
1!
1"
b110001 '
b110001 $
#29340
0!
0"
#29345
1!
1"
b110010 '
b110010 $
#29350
0!
0"
#29355
1!
1"
b110011 '
b110011 $
#29360
0!
0"
#29365
1!
1"
b110100 '
b110100 $
#29370
0!
0"
#29375
1!
1"
b110101 '
b110101 $
#29380
0!
0"
#29385
1!
1"
b110110 '
b110110 $
#29390
0!
0"
#29395
1!
1"
b110111 '
b110111 $
#29400
0!
0"
#29405
1!
1"
b111000 '
b111000 $
#29410
0!
0"
#29415
1!
1"
b111001 '
b111001 $
#29420
0!
0"
#29425
1!
1"
b111010 '
b111010 $
#29430
0!
0"
#29435
1!
1"
b111011 '
b111011 $
#29440
0!
0"
#29445
1!
1"
b0 '
b110001 (
b110001 %
b0 $
#29450
0!
0"
#29455
1!
1"
b1 '
b1 $
#29460
0!
0"
#29465
1!
1"
b10 '
b10 $
#29470
0!
0"
#29475
1!
1"
b11 '
b11 $
#29480
0!
0"
#29485
1!
1"
b100 '
b100 $
#29490
0!
0"
#29495
1!
1"
b101 '
b101 $
#29500
0!
0"
#29505
1!
1"
b110 '
b110 $
#29510
0!
0"
#29515
1!
1"
b111 '
b111 $
#29520
0!
0"
#29525
1!
1"
b1000 '
b1000 $
#29530
0!
0"
#29535
1!
1"
b1001 '
b1001 $
#29540
0!
0"
#29545
1!
1"
b1010 '
b1010 $
#29550
0!
0"
#29555
1!
1"
b1011 '
b1011 $
#29560
0!
0"
#29565
1!
1"
b1100 '
b1100 $
#29570
0!
0"
#29575
1!
1"
b1101 '
b1101 $
#29580
0!
0"
#29585
1!
1"
b1110 '
b1110 $
#29590
0!
0"
#29595
1!
1"
b1111 '
b1111 $
#29600
0!
0"
#29605
1!
1"
b10000 '
b10000 $
#29610
0!
0"
#29615
1!
1"
b10001 '
b10001 $
#29620
0!
0"
#29625
1!
1"
b10010 '
b10010 $
#29630
0!
0"
#29635
1!
1"
b10011 '
b10011 $
#29640
0!
0"
#29645
1!
1"
b10100 '
b10100 $
#29650
0!
0"
#29655
1!
1"
b10101 '
b10101 $
#29660
0!
0"
#29665
1!
1"
b10110 '
b10110 $
#29670
0!
0"
#29675
1!
1"
b10111 '
b10111 $
#29680
0!
0"
#29685
1!
1"
b11000 '
b11000 $
#29690
0!
0"
#29695
1!
1"
b11001 '
b11001 $
#29700
0!
0"
#29705
1!
1"
b11010 '
b11010 $
#29710
0!
0"
#29715
1!
1"
b11011 '
b11011 $
#29720
0!
0"
#29725
1!
1"
b11100 '
b11100 $
#29730
0!
0"
#29735
1!
1"
b11101 '
b11101 $
#29740
0!
0"
#29745
1!
1"
b11110 '
b11110 $
#29750
0!
0"
#29755
1!
1"
b11111 '
b11111 $
#29760
0!
0"
#29765
1!
1"
b100000 '
b100000 $
#29770
0!
0"
#29775
1!
1"
b100001 '
b100001 $
#29780
0!
0"
#29785
1!
1"
b100010 '
b100010 $
#29790
0!
0"
#29795
1!
1"
b100011 '
b100011 $
#29800
0!
0"
#29805
1!
1"
b100100 '
b100100 $
#29810
0!
0"
#29815
1!
1"
b100101 '
b100101 $
#29820
0!
0"
#29825
1!
1"
b100110 '
b100110 $
#29830
0!
0"
#29835
1!
1"
b100111 '
b100111 $
#29840
0!
0"
#29845
1!
1"
b101000 '
b101000 $
#29850
0!
0"
#29855
1!
1"
b101001 '
b101001 $
#29860
0!
0"
#29865
1!
1"
b101010 '
b101010 $
#29870
0!
0"
#29875
1!
1"
b101011 '
b101011 $
#29880
0!
0"
#29885
1!
1"
b101100 '
b101100 $
#29890
0!
0"
#29895
1!
1"
b101101 '
b101101 $
#29900
0!
0"
#29905
1!
1"
b101110 '
b101110 $
#29910
0!
0"
#29915
1!
1"
b101111 '
b101111 $
#29920
0!
0"
#29925
1!
1"
b110000 '
b110000 $
#29930
0!
0"
#29935
1!
1"
b110001 '
b110001 $
#29940
0!
0"
#29945
1!
1"
b110010 '
b110010 $
#29950
0!
0"
#29955
1!
1"
b110011 '
b110011 $
#29960
0!
0"
#29965
1!
1"
b110100 '
b110100 $
#29970
0!
0"
#29975
1!
1"
b110101 '
b110101 $
#29980
0!
0"
#29985
1!
1"
b110110 '
b110110 $
#29990
0!
0"
#29995
1!
1"
b110111 '
b110111 $
#30000
0!
0"
#30005
1!
1"
b111000 '
b111000 $
#30010
0!
0"
#30015
1!
1"
b111001 '
b111001 $
#30020
0!
0"
#30025
1!
1"
b111010 '
b111010 $
#30030
0!
0"
#30035
1!
1"
b111011 '
b111011 $
#30040
0!
0"
#30045
1!
1"
b0 '
b110010 (
b110010 %
b0 $
#30050
0!
0"
#30055
1!
1"
b1 '
b1 $
#30060
0!
0"
#30065
1!
1"
b10 '
b10 $
#30070
0!
0"
#30075
1!
1"
b11 '
b11 $
#30080
0!
0"
#30085
1!
1"
b100 '
b100 $
#30090
0!
0"
#30095
1!
1"
b101 '
b101 $
#30100
0!
0"
#30105
1!
1"
b110 '
b110 $
#30110
0!
0"
#30115
1!
1"
b111 '
b111 $
#30120
0!
0"
#30125
1!
1"
b1000 '
b1000 $
#30130
0!
0"
#30135
1!
1"
b1001 '
b1001 $
#30140
0!
0"
#30145
1!
1"
b1010 '
b1010 $
#30150
0!
0"
#30155
1!
1"
b1011 '
b1011 $
#30160
0!
0"
#30165
1!
1"
b1100 '
b1100 $
#30170
0!
0"
#30175
1!
1"
b1101 '
b1101 $
#30180
0!
0"
#30185
1!
1"
b1110 '
b1110 $
#30190
0!
0"
#30195
1!
1"
b1111 '
b1111 $
#30200
0!
0"
#30205
1!
1"
b10000 '
b10000 $
#30210
0!
0"
#30215
1!
1"
b10001 '
b10001 $
#30220
0!
0"
#30225
1!
1"
b10010 '
b10010 $
#30230
0!
0"
#30235
1!
1"
b10011 '
b10011 $
#30240
0!
0"
#30245
1!
1"
b10100 '
b10100 $
#30250
0!
0"
#30255
1!
1"
b10101 '
b10101 $
#30260
0!
0"
#30265
1!
1"
b10110 '
b10110 $
#30270
0!
0"
#30275
1!
1"
b10111 '
b10111 $
#30280
0!
0"
#30285
1!
1"
b11000 '
b11000 $
#30290
0!
0"
#30295
1!
1"
b11001 '
b11001 $
#30300
0!
0"
#30305
1!
1"
b11010 '
b11010 $
#30310
0!
0"
#30315
1!
1"
b11011 '
b11011 $
#30320
0!
0"
#30325
1!
1"
b11100 '
b11100 $
#30330
0!
0"
#30335
1!
1"
b11101 '
b11101 $
#30340
0!
0"
#30345
1!
1"
b11110 '
b11110 $
#30350
0!
0"
#30355
1!
1"
b11111 '
b11111 $
#30360
0!
0"
#30365
1!
1"
b100000 '
b100000 $
#30370
0!
0"
#30375
1!
1"
b100001 '
b100001 $
#30380
0!
0"
#30385
1!
1"
b100010 '
b100010 $
#30390
0!
0"
#30395
1!
1"
b100011 '
b100011 $
#30400
0!
0"
#30405
1!
1"
b100100 '
b100100 $
#30410
0!
0"
#30415
1!
1"
b100101 '
b100101 $
#30420
0!
0"
#30425
1!
1"
b100110 '
b100110 $
#30430
0!
0"
#30435
1!
1"
b100111 '
b100111 $
#30440
0!
0"
#30445
1!
1"
b101000 '
b101000 $
#30450
0!
0"
#30455
1!
1"
b101001 '
b101001 $
#30460
0!
0"
#30465
1!
1"
b101010 '
b101010 $
#30470
0!
0"
#30475
1!
1"
b101011 '
b101011 $
#30480
0!
0"
#30485
1!
1"
b101100 '
b101100 $
#30490
0!
0"
#30495
1!
1"
b101101 '
b101101 $
#30500
0!
0"
#30505
1!
1"
b101110 '
b101110 $
#30510
0!
0"
#30515
1!
1"
b101111 '
b101111 $
#30520
0!
0"
#30525
1!
1"
b110000 '
b110000 $
#30530
0!
0"
#30535
1!
1"
b110001 '
b110001 $
#30540
0!
0"
#30545
1!
1"
b110010 '
b110010 $
#30550
0!
0"
#30555
1!
1"
b110011 '
b110011 $
#30560
0!
0"
#30565
1!
1"
b110100 '
b110100 $
#30570
0!
0"
#30575
1!
1"
b110101 '
b110101 $
#30580
0!
0"
#30585
1!
1"
b110110 '
b110110 $
#30590
0!
0"
#30595
1!
1"
b110111 '
b110111 $
#30600
0!
0"
#30605
1!
1"
b111000 '
b111000 $
#30610
0!
0"
#30615
1!
1"
b111001 '
b111001 $
#30620
0!
0"
#30625
1!
1"
b111010 '
b111010 $
#30630
0!
0"
#30635
1!
1"
b111011 '
b111011 $
#30640
0!
0"
#30645
1!
1"
b0 '
b110011 (
b110011 %
b0 $
#30650
0!
0"
#30655
1!
1"
b1 '
b1 $
#30660
0!
0"
#30665
1!
1"
b10 '
b10 $
#30670
0!
0"
#30675
1!
1"
b11 '
b11 $
#30680
0!
0"
#30685
1!
1"
b100 '
b100 $
#30690
0!
0"
#30695
1!
1"
b101 '
b101 $
#30700
0!
0"
#30705
1!
1"
b110 '
b110 $
#30710
0!
0"
#30715
1!
1"
b111 '
b111 $
#30720
0!
0"
#30725
1!
1"
b1000 '
b1000 $
#30730
0!
0"
#30735
1!
1"
b1001 '
b1001 $
#30740
0!
0"
#30745
1!
1"
b1010 '
b1010 $
#30750
0!
0"
#30755
1!
1"
b1011 '
b1011 $
#30760
0!
0"
#30765
1!
1"
b1100 '
b1100 $
#30770
0!
0"
#30775
1!
1"
b1101 '
b1101 $
#30780
0!
0"
#30785
1!
1"
b1110 '
b1110 $
#30790
0!
0"
#30795
1!
1"
b1111 '
b1111 $
#30800
0!
0"
#30805
1!
1"
b10000 '
b10000 $
#30810
0!
0"
#30815
1!
1"
b10001 '
b10001 $
#30820
0!
0"
#30825
1!
1"
b10010 '
b10010 $
#30830
0!
0"
#30835
1!
1"
b10011 '
b10011 $
#30840
0!
0"
#30845
1!
1"
b10100 '
b10100 $
#30850
0!
0"
#30855
1!
1"
b10101 '
b10101 $
#30860
0!
0"
#30865
1!
1"
b10110 '
b10110 $
#30870
0!
0"
#30875
1!
1"
b10111 '
b10111 $
#30880
0!
0"
#30885
1!
1"
b11000 '
b11000 $
#30890
0!
0"
#30895
1!
1"
b11001 '
b11001 $
#30900
0!
0"
#30905
1!
1"
b11010 '
b11010 $
#30910
0!
0"
#30915
1!
1"
b11011 '
b11011 $
#30920
0!
0"
#30925
1!
1"
b11100 '
b11100 $
#30930
0!
0"
#30935
1!
1"
b11101 '
b11101 $
#30940
0!
0"
#30945
1!
1"
b11110 '
b11110 $
#30950
0!
0"
#30955
1!
1"
b11111 '
b11111 $
#30960
0!
0"
#30965
1!
1"
b100000 '
b100000 $
#30970
0!
0"
#30975
1!
1"
b100001 '
b100001 $
#30980
0!
0"
#30985
1!
1"
b100010 '
b100010 $
#30990
0!
0"
#30995
1!
1"
b100011 '
b100011 $
#31000
0!
0"
#31005
1!
1"
b100100 '
b100100 $
#31010
0!
0"
#31015
1!
1"
b100101 '
b100101 $
#31020
0!
0"
#31025
1!
1"
b100110 '
b100110 $
#31030
0!
0"
#31035
1!
1"
b100111 '
b100111 $
#31040
0!
0"
#31045
1!
1"
b101000 '
b101000 $
#31050
0!
0"
#31055
1!
1"
b101001 '
b101001 $
#31060
0!
0"
#31065
1!
1"
b101010 '
b101010 $
#31070
0!
0"
#31075
1!
1"
b101011 '
b101011 $
#31080
0!
0"
#31085
1!
1"
b101100 '
b101100 $
#31090
0!
0"
#31095
1!
1"
b101101 '
b101101 $
#31100
0!
0"
#31105
1!
1"
b101110 '
b101110 $
#31110
0!
0"
#31115
1!
1"
b101111 '
b101111 $
#31120
0!
0"
#31125
1!
1"
b110000 '
b110000 $
#31130
0!
0"
#31135
1!
1"
b110001 '
b110001 $
#31140
0!
0"
#31145
1!
1"
b110010 '
b110010 $
#31150
0!
0"
#31155
1!
1"
b110011 '
b110011 $
#31160
0!
0"
#31165
1!
1"
b110100 '
b110100 $
#31170
0!
0"
#31175
1!
1"
b110101 '
b110101 $
#31180
0!
0"
#31185
1!
1"
b110110 '
b110110 $
#31190
0!
0"
#31195
1!
1"
b110111 '
b110111 $
#31200
0!
0"
#31205
1!
1"
b111000 '
b111000 $
#31210
0!
0"
#31215
1!
1"
b111001 '
b111001 $
#31220
0!
0"
#31225
1!
1"
b111010 '
b111010 $
#31230
0!
0"
#31235
1!
1"
b111011 '
b111011 $
#31240
0!
0"
#31245
1!
1"
b0 '
b110100 (
b110100 %
b0 $
#31250
0!
0"
#31255
1!
1"
b1 '
b1 $
#31260
0!
0"
#31265
1!
1"
b10 '
b10 $
#31270
0!
0"
#31275
1!
1"
b11 '
b11 $
#31280
0!
0"
#31285
1!
1"
b100 '
b100 $
#31290
0!
0"
#31295
1!
1"
b101 '
b101 $
#31300
0!
0"
#31305
1!
1"
b110 '
b110 $
#31310
0!
0"
#31315
1!
1"
b111 '
b111 $
#31320
0!
0"
#31325
1!
1"
b1000 '
b1000 $
#31330
0!
0"
#31335
1!
1"
b1001 '
b1001 $
#31340
0!
0"
#31345
1!
1"
b1010 '
b1010 $
#31350
0!
0"
#31355
1!
1"
b1011 '
b1011 $
#31360
0!
0"
#31365
1!
1"
b1100 '
b1100 $
#31370
0!
0"
#31375
1!
1"
b1101 '
b1101 $
#31380
0!
0"
#31385
1!
1"
b1110 '
b1110 $
#31390
0!
0"
#31395
1!
1"
b1111 '
b1111 $
#31400
0!
0"
#31405
1!
1"
b10000 '
b10000 $
#31410
0!
0"
#31415
1!
1"
b10001 '
b10001 $
#31420
0!
0"
#31425
1!
1"
b10010 '
b10010 $
#31430
0!
0"
#31435
1!
1"
b10011 '
b10011 $
#31440
0!
0"
#31445
1!
1"
b10100 '
b10100 $
#31450
0!
0"
#31455
1!
1"
b10101 '
b10101 $
#31460
0!
0"
#31465
1!
1"
b10110 '
b10110 $
#31470
0!
0"
#31475
1!
1"
b10111 '
b10111 $
#31480
0!
0"
#31485
1!
1"
b11000 '
b11000 $
#31490
0!
0"
#31495
1!
1"
b11001 '
b11001 $
#31500
0!
0"
#31505
1!
1"
b11010 '
b11010 $
#31510
0!
0"
#31515
1!
1"
b11011 '
b11011 $
#31520
0!
0"
#31525
1!
1"
b11100 '
b11100 $
#31530
0!
0"
#31535
1!
1"
b11101 '
b11101 $
#31540
0!
0"
#31545
1!
1"
b11110 '
b11110 $
#31550
0!
0"
#31555
1!
1"
b11111 '
b11111 $
#31560
0!
0"
#31565
1!
1"
b100000 '
b100000 $
#31570
0!
0"
#31575
1!
1"
b100001 '
b100001 $
#31580
0!
0"
#31585
1!
1"
b100010 '
b100010 $
#31590
0!
0"
#31595
1!
1"
b100011 '
b100011 $
#31600
0!
0"
#31605
1!
1"
b100100 '
b100100 $
#31610
0!
0"
#31615
1!
1"
b100101 '
b100101 $
#31620
0!
0"
#31625
1!
1"
b100110 '
b100110 $
#31630
0!
0"
#31635
1!
1"
b100111 '
b100111 $
#31640
0!
0"
#31645
1!
1"
b101000 '
b101000 $
#31650
0!
0"
#31655
1!
1"
b101001 '
b101001 $
#31660
0!
0"
#31665
1!
1"
b101010 '
b101010 $
#31670
0!
0"
#31675
1!
1"
b101011 '
b101011 $
#31680
0!
0"
#31685
1!
1"
b101100 '
b101100 $
#31690
0!
0"
#31695
1!
1"
b101101 '
b101101 $
#31700
0!
0"
#31705
1!
1"
b101110 '
b101110 $
#31710
0!
0"
#31715
1!
1"
b101111 '
b101111 $
#31720
0!
0"
#31725
1!
1"
b110000 '
b110000 $
#31730
0!
0"
#31735
1!
1"
b110001 '
b110001 $
#31740
0!
0"
#31745
1!
1"
b110010 '
b110010 $
#31750
0!
0"
#31755
1!
1"
b110011 '
b110011 $
#31760
0!
0"
#31765
1!
1"
b110100 '
b110100 $
#31770
0!
0"
#31775
1!
1"
b110101 '
b110101 $
#31780
0!
0"
#31785
1!
1"
b110110 '
b110110 $
#31790
0!
0"
#31795
1!
1"
b110111 '
b110111 $
#31800
0!
0"
#31805
1!
1"
b111000 '
b111000 $
#31810
0!
0"
#31815
1!
1"
b111001 '
b111001 $
#31820
0!
0"
#31825
1!
1"
b111010 '
b111010 $
#31830
0!
0"
#31835
1!
1"
b111011 '
b111011 $
#31840
0!
0"
#31845
1!
1"
b0 '
b110101 (
b110101 %
b0 $
#31850
0!
0"
#31855
1!
1"
b1 '
b1 $
#31860
0!
0"
#31865
1!
1"
b10 '
b10 $
#31870
0!
0"
#31875
1!
1"
b11 '
b11 $
#31880
0!
0"
#31885
1!
1"
b100 '
b100 $
#31890
0!
0"
#31895
1!
1"
b101 '
b101 $
#31900
0!
0"
#31905
1!
1"
b110 '
b110 $
#31910
0!
0"
#31915
1!
1"
b111 '
b111 $
#31920
0!
0"
#31925
1!
1"
b1000 '
b1000 $
#31930
0!
0"
#31935
1!
1"
b1001 '
b1001 $
#31940
0!
0"
#31945
1!
1"
b1010 '
b1010 $
#31950
0!
0"
#31955
1!
1"
b1011 '
b1011 $
#31960
0!
0"
#31965
1!
1"
b1100 '
b1100 $
#31970
0!
0"
#31975
1!
1"
b1101 '
b1101 $
#31980
0!
0"
#31985
1!
1"
b1110 '
b1110 $
#31990
0!
0"
#31995
1!
1"
b1111 '
b1111 $
#32000
0!
0"
#32005
1!
1"
b10000 '
b10000 $
#32010
0!
0"
#32015
1!
1"
b10001 '
b10001 $
#32020
0!
0"
#32025
1!
1"
b10010 '
b10010 $
#32030
0!
0"
#32035
1!
1"
b10011 '
b10011 $
#32040
0!
0"
#32045
1!
1"
b10100 '
b10100 $
#32050
0!
0"
#32055
1!
1"
b10101 '
b10101 $
#32060
0!
0"
#32065
1!
1"
b10110 '
b10110 $
#32070
0!
0"
#32075
1!
1"
b10111 '
b10111 $
#32080
0!
0"
#32085
1!
1"
b11000 '
b11000 $
#32090
0!
0"
#32095
1!
1"
b11001 '
b11001 $
#32100
0!
0"
#32105
1!
1"
b11010 '
b11010 $
#32110
0!
0"
#32115
1!
1"
b11011 '
b11011 $
#32120
0!
0"
#32125
1!
1"
b11100 '
b11100 $
#32130
0!
0"
#32135
1!
1"
b11101 '
b11101 $
#32140
0!
0"
#32145
1!
1"
b11110 '
b11110 $
#32150
0!
0"
#32155
1!
1"
b11111 '
b11111 $
#32160
0!
0"
#32165
1!
1"
b100000 '
b100000 $
#32170
0!
0"
#32175
1!
1"
b100001 '
b100001 $
#32180
0!
0"
#32185
1!
1"
b100010 '
b100010 $
#32190
0!
0"
#32195
1!
1"
b100011 '
b100011 $
#32200
0!
0"
#32205
1!
1"
b100100 '
b100100 $
#32210
0!
0"
#32215
1!
1"
b100101 '
b100101 $
#32220
0!
0"
#32225
1!
1"
b100110 '
b100110 $
#32230
0!
0"
#32235
1!
1"
b100111 '
b100111 $
#32240
0!
0"
#32245
1!
1"
b101000 '
b101000 $
#32250
0!
0"
#32255
1!
1"
b101001 '
b101001 $
#32260
0!
0"
#32265
1!
1"
b101010 '
b101010 $
#32270
0!
0"
#32275
1!
1"
b101011 '
b101011 $
#32280
0!
0"
#32285
1!
1"
b101100 '
b101100 $
#32290
0!
0"
#32295
1!
1"
b101101 '
b101101 $
#32300
0!
0"
#32305
1!
1"
b101110 '
b101110 $
#32310
0!
0"
#32315
1!
1"
b101111 '
b101111 $
#32320
0!
0"
#32325
1!
1"
b110000 '
b110000 $
#32330
0!
0"
#32335
1!
1"
b110001 '
b110001 $
#32340
0!
0"
#32345
1!
1"
b110010 '
b110010 $
#32350
0!
0"
#32355
1!
1"
b110011 '
b110011 $
#32360
0!
0"
#32365
1!
1"
b110100 '
b110100 $
#32370
0!
0"
#32375
1!
1"
b110101 '
b110101 $
#32380
0!
0"
#32385
1!
1"
b110110 '
b110110 $
#32390
0!
0"
#32395
1!
1"
b110111 '
b110111 $
#32400
0!
0"
#32405
1!
1"
b111000 '
b111000 $
#32410
0!
0"
#32415
1!
1"
b111001 '
b111001 $
#32420
0!
0"
#32425
1!
1"
b111010 '
b111010 $
#32430
0!
0"
#32435
1!
1"
b111011 '
b111011 $
#32440
0!
0"
#32445
1!
1"
b0 '
b110110 (
b110110 %
b0 $
#32450
0!
0"
#32455
1!
1"
b1 '
b1 $
#32460
0!
0"
#32465
1!
1"
b10 '
b10 $
#32470
0!
0"
#32475
1!
1"
b11 '
b11 $
#32480
0!
0"
#32485
1!
1"
b100 '
b100 $
#32490
0!
0"
#32495
1!
1"
b101 '
b101 $
#32500
0!
0"
#32505
1!
1"
b110 '
b110 $
#32510
0!
0"
#32515
1!
1"
b111 '
b111 $
#32520
0!
0"
#32525
1!
1"
b1000 '
b1000 $
#32530
0!
0"
#32535
1!
1"
b1001 '
b1001 $
#32540
0!
0"
#32545
1!
1"
b1010 '
b1010 $
#32550
0!
0"
#32555
1!
1"
b1011 '
b1011 $
#32560
0!
0"
#32565
1!
1"
b1100 '
b1100 $
#32570
0!
0"
#32575
1!
1"
b1101 '
b1101 $
#32580
0!
0"
#32585
1!
1"
b1110 '
b1110 $
#32590
0!
0"
#32595
1!
1"
b1111 '
b1111 $
#32600
0!
0"
#32605
1!
1"
b10000 '
b10000 $
#32610
0!
0"
#32615
1!
1"
b10001 '
b10001 $
#32620
0!
0"
#32625
1!
1"
b10010 '
b10010 $
#32630
0!
0"
#32635
1!
1"
b10011 '
b10011 $
#32640
0!
0"
#32645
1!
1"
b10100 '
b10100 $
#32650
0!
0"
#32655
1!
1"
b10101 '
b10101 $
#32660
0!
0"
#32665
1!
1"
b10110 '
b10110 $
#32670
0!
0"
#32675
1!
1"
b10111 '
b10111 $
#32680
0!
0"
#32685
1!
1"
b11000 '
b11000 $
#32690
0!
0"
#32695
1!
1"
b11001 '
b11001 $
#32700
0!
0"
#32705
1!
1"
b11010 '
b11010 $
#32710
0!
0"
#32715
1!
1"
b11011 '
b11011 $
#32720
0!
0"
#32725
1!
1"
b11100 '
b11100 $
#32730
0!
0"
#32735
1!
1"
b11101 '
b11101 $
#32740
0!
0"
#32745
1!
1"
b11110 '
b11110 $
#32750
0!
0"
#32755
1!
1"
b11111 '
b11111 $
#32760
0!
0"
#32765
1!
1"
b100000 '
b100000 $
#32770
0!
0"
#32775
1!
1"
b100001 '
b100001 $
#32780
0!
0"
#32785
1!
1"
b100010 '
b100010 $
#32790
0!
0"
#32795
1!
1"
b100011 '
b100011 $
#32800
0!
0"
#32805
1!
1"
b100100 '
b100100 $
#32810
0!
0"
#32815
1!
1"
b100101 '
b100101 $
#32820
0!
0"
#32825
1!
1"
b100110 '
b100110 $
#32830
0!
0"
#32835
1!
1"
b100111 '
b100111 $
#32840
0!
0"
#32845
1!
1"
b101000 '
b101000 $
#32850
0!
0"
#32855
1!
1"
b101001 '
b101001 $
#32860
0!
0"
#32865
1!
1"
b101010 '
b101010 $
#32870
0!
0"
#32875
1!
1"
b101011 '
b101011 $
#32880
0!
0"
#32885
1!
1"
b101100 '
b101100 $
#32890
0!
0"
#32895
1!
1"
b101101 '
b101101 $
#32900
0!
0"
#32905
1!
1"
b101110 '
b101110 $
#32910
0!
0"
#32915
1!
1"
b101111 '
b101111 $
#32920
0!
0"
#32925
1!
1"
b110000 '
b110000 $
#32930
0!
0"
#32935
1!
1"
b110001 '
b110001 $
#32940
0!
0"
#32945
1!
1"
b110010 '
b110010 $
#32950
0!
0"
#32955
1!
1"
b110011 '
b110011 $
#32960
0!
0"
#32965
1!
1"
b110100 '
b110100 $
#32970
0!
0"
#32975
1!
1"
b110101 '
b110101 $
#32980
0!
0"
#32985
1!
1"
b110110 '
b110110 $
#32990
0!
0"
#32995
1!
1"
b110111 '
b110111 $
#33000
0!
0"
#33005
1!
1"
b111000 '
b111000 $
#33010
0!
0"
#33015
1!
1"
b111001 '
b111001 $
#33020
0!
0"
#33025
1!
1"
b111010 '
b111010 $
#33030
0!
0"
#33035
1!
1"
b111011 '
b111011 $
#33040
0!
0"
#33045
1!
1"
b0 '
b110111 (
b110111 %
b0 $
#33050
0!
0"
#33055
1!
1"
b1 '
b1 $
#33060
0!
0"
#33065
1!
1"
b10 '
b10 $
#33070
0!
0"
#33075
1!
1"
b11 '
b11 $
#33080
0!
0"
#33085
1!
1"
b100 '
b100 $
#33090
0!
0"
#33095
1!
1"
b101 '
b101 $
#33100
0!
0"
#33105
1!
1"
b110 '
b110 $
#33110
0!
0"
#33115
1!
1"
b111 '
b111 $
#33120
0!
0"
#33125
1!
1"
b1000 '
b1000 $
#33130
0!
0"
#33135
1!
1"
b1001 '
b1001 $
#33140
0!
0"
#33145
1!
1"
b1010 '
b1010 $
#33150
0!
0"
#33155
1!
1"
b1011 '
b1011 $
#33160
0!
0"
#33165
1!
1"
b1100 '
b1100 $
#33170
0!
0"
#33175
1!
1"
b1101 '
b1101 $
#33180
0!
0"
#33185
1!
1"
b1110 '
b1110 $
#33190
0!
0"
#33195
1!
1"
b1111 '
b1111 $
#33200
0!
0"
#33205
1!
1"
b10000 '
b10000 $
#33210
0!
0"
#33215
1!
1"
b10001 '
b10001 $
#33220
0!
0"
#33225
1!
1"
b10010 '
b10010 $
#33230
0!
0"
#33235
1!
1"
b10011 '
b10011 $
#33240
0!
0"
#33245
1!
1"
b10100 '
b10100 $
#33250
0!
0"
#33255
1!
1"
b10101 '
b10101 $
#33260
0!
0"
#33265
1!
1"
b10110 '
b10110 $
#33270
0!
0"
#33275
1!
1"
b10111 '
b10111 $
#33280
0!
0"
#33285
1!
1"
b11000 '
b11000 $
#33290
0!
0"
#33295
1!
1"
b11001 '
b11001 $
#33300
0!
0"
#33305
1!
1"
b11010 '
b11010 $
#33310
0!
0"
#33315
1!
1"
b11011 '
b11011 $
#33320
0!
0"
#33325
1!
1"
b11100 '
b11100 $
#33330
0!
0"
#33335
1!
1"
b11101 '
b11101 $
#33340
0!
0"
#33345
1!
1"
b11110 '
b11110 $
#33350
0!
0"
#33355
1!
1"
b11111 '
b11111 $
#33360
0!
0"
#33365
1!
1"
b100000 '
b100000 $
#33370
0!
0"
#33375
1!
1"
b100001 '
b100001 $
#33380
0!
0"
#33385
1!
1"
b100010 '
b100010 $
#33390
0!
0"
#33395
1!
1"
b100011 '
b100011 $
#33400
0!
0"
#33405
1!
1"
b100100 '
b100100 $
#33410
0!
0"
#33415
1!
1"
b100101 '
b100101 $
#33420
0!
0"
#33425
1!
1"
b100110 '
b100110 $
#33430
0!
0"
#33435
1!
1"
b100111 '
b100111 $
#33440
0!
0"
#33445
1!
1"
b101000 '
b101000 $
#33450
0!
0"
#33455
1!
1"
b101001 '
b101001 $
#33460
0!
0"
#33465
1!
1"
b101010 '
b101010 $
#33470
0!
0"
#33475
1!
1"
b101011 '
b101011 $
#33480
0!
0"
#33485
1!
1"
b101100 '
b101100 $
#33490
0!
0"
#33495
1!
1"
b101101 '
b101101 $
#33500
0!
0"
#33505
1!
1"
b101110 '
b101110 $
#33510
0!
0"
#33515
1!
1"
b101111 '
b101111 $
#33520
0!
0"
#33525
1!
1"
b110000 '
b110000 $
#33530
0!
0"
#33535
1!
1"
b110001 '
b110001 $
#33540
0!
0"
#33545
1!
1"
b110010 '
b110010 $
#33550
0!
0"
#33555
1!
1"
b110011 '
b110011 $
#33560
0!
0"
#33565
1!
1"
b110100 '
b110100 $
#33570
0!
0"
#33575
1!
1"
b110101 '
b110101 $
#33580
0!
0"
#33585
1!
1"
b110110 '
b110110 $
#33590
0!
0"
#33595
1!
1"
b110111 '
b110111 $
#33600
0!
0"
#33605
1!
1"
b111000 '
b111000 $
#33610
0!
0"
#33615
1!
1"
b111001 '
b111001 $
#33620
0!
0"
#33625
1!
1"
b111010 '
b111010 $
#33630
0!
0"
#33635
1!
1"
b111011 '
b111011 $
#33640
0!
0"
#33645
1!
1"
b0 '
b111000 (
b111000 %
b0 $
#33650
0!
0"
#33655
1!
1"
b1 '
b1 $
#33660
0!
0"
#33665
1!
1"
b10 '
b10 $
#33670
0!
0"
#33675
1!
1"
b11 '
b11 $
#33680
0!
0"
#33685
1!
1"
b100 '
b100 $
#33690
0!
0"
#33695
1!
1"
b101 '
b101 $
#33700
0!
0"
#33705
1!
1"
b110 '
b110 $
#33710
0!
0"
#33715
1!
1"
b111 '
b111 $
#33720
0!
0"
#33725
1!
1"
b1000 '
b1000 $
#33730
0!
0"
#33735
1!
1"
b1001 '
b1001 $
#33740
0!
0"
#33745
1!
1"
b1010 '
b1010 $
#33750
0!
0"
#33755
1!
1"
b1011 '
b1011 $
#33760
0!
0"
#33765
1!
1"
b1100 '
b1100 $
#33770
0!
0"
#33775
1!
1"
b1101 '
b1101 $
#33780
0!
0"
#33785
1!
1"
b1110 '
b1110 $
#33790
0!
0"
#33795
1!
1"
b1111 '
b1111 $
#33800
0!
0"
#33805
1!
1"
b10000 '
b10000 $
#33810
0!
0"
#33815
1!
1"
b10001 '
b10001 $
#33820
0!
0"
#33825
1!
1"
b10010 '
b10010 $
#33830
0!
0"
#33835
1!
1"
b10011 '
b10011 $
#33840
0!
0"
#33845
1!
1"
b10100 '
b10100 $
#33850
0!
0"
#33855
1!
1"
b10101 '
b10101 $
#33860
0!
0"
#33865
1!
1"
b10110 '
b10110 $
#33870
0!
0"
#33875
1!
1"
b10111 '
b10111 $
#33880
0!
0"
#33885
1!
1"
b11000 '
b11000 $
#33890
0!
0"
#33895
1!
1"
b11001 '
b11001 $
#33900
0!
0"
#33905
1!
1"
b11010 '
b11010 $
#33910
0!
0"
#33915
1!
1"
b11011 '
b11011 $
#33920
0!
0"
#33925
1!
1"
b11100 '
b11100 $
#33930
0!
0"
#33935
1!
1"
b11101 '
b11101 $
#33940
0!
0"
#33945
1!
1"
b11110 '
b11110 $
#33950
0!
0"
#33955
1!
1"
b11111 '
b11111 $
#33960
0!
0"
#33965
1!
1"
b100000 '
b100000 $
#33970
0!
0"
#33975
1!
1"
b100001 '
b100001 $
#33980
0!
0"
#33985
1!
1"
b100010 '
b100010 $
#33990
0!
0"
#33995
1!
1"
b100011 '
b100011 $
#34000
0!
0"
#34005
1!
1"
b100100 '
b100100 $
#34010
0!
0"
#34015
1!
1"
b100101 '
b100101 $
#34020
0!
0"
#34025
1!
1"
b100110 '
b100110 $
#34030
0!
0"
#34035
1!
1"
b100111 '
b100111 $
#34040
0!
0"
#34045
1!
1"
b101000 '
b101000 $
#34050
0!
0"
#34055
1!
1"
b101001 '
b101001 $
#34060
0!
0"
#34065
1!
1"
b101010 '
b101010 $
#34070
0!
0"
#34075
1!
1"
b101011 '
b101011 $
#34080
0!
0"
#34085
1!
1"
b101100 '
b101100 $
#34090
0!
0"
#34095
1!
1"
b101101 '
b101101 $
#34100
0!
0"
#34105
1!
1"
b101110 '
b101110 $
#34110
0!
0"
#34115
1!
1"
b101111 '
b101111 $
#34120
0!
0"
#34125
1!
1"
b110000 '
b110000 $
#34130
0!
0"
#34135
1!
1"
b110001 '
b110001 $
#34140
0!
0"
#34145
1!
1"
b110010 '
b110010 $
#34150
0!
0"
#34155
1!
1"
b110011 '
b110011 $
#34160
0!
0"
#34165
1!
1"
b110100 '
b110100 $
#34170
0!
0"
#34175
1!
1"
b110101 '
b110101 $
#34180
0!
0"
#34185
1!
1"
b110110 '
b110110 $
#34190
0!
0"
#34195
1!
1"
b110111 '
b110111 $
#34200
0!
0"
#34205
1!
1"
b111000 '
b111000 $
#34210
0!
0"
#34215
1!
1"
b111001 '
b111001 $
#34220
0!
0"
#34225
1!
1"
b111010 '
b111010 $
#34230
0!
0"
#34235
1!
1"
b111011 '
b111011 $
#34240
0!
0"
#34245
1!
1"
b0 '
b111001 (
b111001 %
b0 $
#34250
0!
0"
#34255
1!
1"
b1 '
b1 $
#34260
0!
0"
#34265
1!
1"
b10 '
b10 $
#34270
0!
0"
#34275
1!
1"
b11 '
b11 $
#34280
0!
0"
#34285
1!
1"
b100 '
b100 $
#34290
0!
0"
#34295
1!
1"
b101 '
b101 $
#34300
0!
0"
#34305
1!
1"
b110 '
b110 $
#34310
0!
0"
#34315
1!
1"
b111 '
b111 $
#34320
0!
0"
#34325
1!
1"
b1000 '
b1000 $
#34330
0!
0"
#34335
1!
1"
b1001 '
b1001 $
#34340
0!
0"
#34345
1!
1"
b1010 '
b1010 $
#34350
0!
0"
#34355
1!
1"
b1011 '
b1011 $
#34360
0!
0"
#34365
1!
1"
b1100 '
b1100 $
#34370
0!
0"
#34375
1!
1"
b1101 '
b1101 $
#34380
0!
0"
#34385
1!
1"
b1110 '
b1110 $
#34390
0!
0"
#34395
1!
1"
b1111 '
b1111 $
#34400
0!
0"
#34405
1!
1"
b10000 '
b10000 $
#34410
0!
0"
#34415
1!
1"
b10001 '
b10001 $
#34420
0!
0"
#34425
1!
1"
b10010 '
b10010 $
#34430
0!
0"
#34435
1!
1"
b10011 '
b10011 $
#34440
0!
0"
#34445
1!
1"
b10100 '
b10100 $
#34450
0!
0"
#34455
1!
1"
b10101 '
b10101 $
#34460
0!
0"
#34465
1!
1"
b10110 '
b10110 $
#34470
0!
0"
#34475
1!
1"
b10111 '
b10111 $
#34480
0!
0"
#34485
1!
1"
b11000 '
b11000 $
#34490
0!
0"
#34495
1!
1"
b11001 '
b11001 $
#34500
0!
0"
#34505
1!
1"
b11010 '
b11010 $
#34510
0!
0"
#34515
1!
1"
b11011 '
b11011 $
#34520
0!
0"
#34525
1!
1"
b11100 '
b11100 $
#34530
0!
0"
#34535
1!
1"
b11101 '
b11101 $
#34540
0!
0"
#34545
1!
1"
b11110 '
b11110 $
#34550
0!
0"
#34555
1!
1"
b11111 '
b11111 $
#34560
0!
0"
#34565
1!
1"
b100000 '
b100000 $
#34570
0!
0"
#34575
1!
1"
b100001 '
b100001 $
#34580
0!
0"
#34585
1!
1"
b100010 '
b100010 $
#34590
0!
0"
#34595
1!
1"
b100011 '
b100011 $
#34600
0!
0"
#34605
1!
1"
b100100 '
b100100 $
#34610
0!
0"
#34615
1!
1"
b100101 '
b100101 $
#34620
0!
0"
#34625
1!
1"
b100110 '
b100110 $
#34630
0!
0"
#34635
1!
1"
b100111 '
b100111 $
#34640
0!
0"
#34645
1!
1"
b101000 '
b101000 $
#34650
0!
0"
#34655
1!
1"
b101001 '
b101001 $
#34660
0!
0"
#34665
1!
1"
b101010 '
b101010 $
#34670
0!
0"
#34675
1!
1"
b101011 '
b101011 $
#34680
0!
0"
#34685
1!
1"
b101100 '
b101100 $
#34690
0!
0"
#34695
1!
1"
b101101 '
b101101 $
#34700
0!
0"
#34705
1!
1"
b101110 '
b101110 $
#34710
0!
0"
#34715
1!
1"
b101111 '
b101111 $
#34720
0!
0"
#34725
1!
1"
b110000 '
b110000 $
#34730
0!
0"
#34735
1!
1"
b110001 '
b110001 $
#34740
0!
0"
#34745
1!
1"
b110010 '
b110010 $
#34750
0!
0"
#34755
1!
1"
b110011 '
b110011 $
#34760
0!
0"
#34765
1!
1"
b110100 '
b110100 $
#34770
0!
0"
#34775
1!
1"
b110101 '
b110101 $
#34780
0!
0"
#34785
1!
1"
b110110 '
b110110 $
#34790
0!
0"
#34795
1!
1"
b110111 '
b110111 $
#34800
0!
0"
#34805
1!
1"
b111000 '
b111000 $
#34810
0!
0"
#34815
1!
1"
b111001 '
b111001 $
#34820
0!
0"
#34825
1!
1"
b111010 '
b111010 $
#34830
0!
0"
#34835
1!
1"
b111011 '
b111011 $
#34840
0!
0"
#34845
1!
1"
b0 '
b111010 (
b111010 %
b0 $
#34850
0!
0"
#34855
1!
1"
b1 '
b1 $
#34860
0!
0"
#34865
1!
1"
b10 '
b10 $
#34870
0!
0"
#34875
1!
1"
b11 '
b11 $
#34880
0!
0"
#34885
1!
1"
b100 '
b100 $
#34890
0!
0"
#34895
1!
1"
b101 '
b101 $
#34900
0!
0"
#34905
1!
1"
b110 '
b110 $
#34910
0!
0"
#34915
1!
1"
b111 '
b111 $
#34920
0!
0"
#34925
1!
1"
b1000 '
b1000 $
#34930
0!
0"
#34935
1!
1"
b1001 '
b1001 $
#34940
0!
0"
#34945
1!
1"
b1010 '
b1010 $
#34950
0!
0"
#34955
1!
1"
b1011 '
b1011 $
#34960
0!
0"
#34965
1!
1"
b1100 '
b1100 $
#34970
0!
0"
#34975
1!
1"
b1101 '
b1101 $
#34980
0!
0"
#34985
1!
1"
b1110 '
b1110 $
#34990
0!
0"
#34995
1!
1"
b1111 '
b1111 $
#35000
0!
0"
#35005
1!
1"
b10000 '
b10000 $
#35010
0!
0"
#35015
1!
1"
b10001 '
b10001 $
#35020
0!
0"
#35025
1!
1"
b10010 '
b10010 $
#35030
0!
0"
#35035
1!
1"
b10011 '
b10011 $
#35040
0!
0"
#35045
1!
1"
b10100 '
b10100 $
#35050
0!
0"
#35055
1!
1"
b10101 '
b10101 $
#35060
0!
0"
#35065
1!
1"
b10110 '
b10110 $
#35070
0!
0"
#35075
1!
1"
b10111 '
b10111 $
#35080
0!
0"
#35085
1!
1"
b11000 '
b11000 $
#35090
0!
0"
#35095
1!
1"
b11001 '
b11001 $
#35100
0!
0"
#35105
1!
1"
b11010 '
b11010 $
#35110
0!
0"
#35115
1!
1"
b11011 '
b11011 $
#35120
0!
0"
#35125
1!
1"
b11100 '
b11100 $
#35130
0!
0"
#35135
1!
1"
b11101 '
b11101 $
#35140
0!
0"
#35145
1!
1"
b11110 '
b11110 $
#35150
0!
0"
#35155
1!
1"
b11111 '
b11111 $
#35160
0!
0"
#35165
1!
1"
b100000 '
b100000 $
#35170
0!
0"
#35175
1!
1"
b100001 '
b100001 $
#35180
0!
0"
#35185
1!
1"
b100010 '
b100010 $
#35190
0!
0"
#35195
1!
1"
b100011 '
b100011 $
#35200
0!
0"
#35205
1!
1"
b100100 '
b100100 $
#35210
0!
0"
#35215
1!
1"
b100101 '
b100101 $
#35220
0!
0"
#35225
1!
1"
b100110 '
b100110 $
#35230
0!
0"
#35235
1!
1"
b100111 '
b100111 $
#35240
0!
0"
#35245
1!
1"
b101000 '
b101000 $
#35250
0!
0"
#35255
1!
1"
b101001 '
b101001 $
#35260
0!
0"
#35265
1!
1"
b101010 '
b101010 $
#35270
0!
0"
#35275
1!
1"
b101011 '
b101011 $
#35280
0!
0"
#35285
1!
1"
b101100 '
b101100 $
#35290
0!
0"
#35295
1!
1"
b101101 '
b101101 $
#35300
0!
0"
#35305
1!
1"
b101110 '
b101110 $
#35310
0!
0"
#35315
1!
1"
b101111 '
b101111 $
#35320
0!
0"
#35325
1!
1"
b110000 '
b110000 $
#35330
0!
0"
#35335
1!
1"
b110001 '
b110001 $
#35340
0!
0"
#35345
1!
1"
b110010 '
b110010 $
#35350
0!
0"
#35355
1!
1"
b110011 '
b110011 $
#35360
0!
0"
#35365
1!
1"
b110100 '
b110100 $
#35370
0!
0"
#35375
1!
1"
b110101 '
b110101 $
#35380
0!
0"
#35385
1!
1"
b110110 '
b110110 $
#35390
0!
0"
#35395
1!
1"
b110111 '
b110111 $
#35400
0!
0"
#35405
1!
1"
b111000 '
b111000 $
#35410
0!
0"
#35415
1!
1"
b111001 '
b111001 $
#35420
0!
0"
#35425
1!
1"
b111010 '
b111010 $
#35430
0!
0"
#35435
1!
1"
b111011 '
b111011 $
#35440
0!
0"
#35445
1!
1"
b0 '
b111011 (
b111011 %
b0 $
#35450
0!
0"
#35455
1!
1"
b1 '
b1 $
#35460
0!
0"
#35465
1!
1"
b10 '
b10 $
#35470
0!
0"
#35475
1!
1"
b11 '
b11 $
#35480
0!
0"
#35485
1!
1"
b100 '
b100 $
#35490
0!
0"
#35495
1!
1"
b101 '
b101 $
#35500
0!
0"
#35505
1!
1"
b110 '
b110 $
#35510
0!
0"
#35515
1!
1"
b111 '
b111 $
#35520
0!
0"
#35525
1!
1"
b1000 '
b1000 $
#35530
0!
0"
#35535
1!
1"
b1001 '
b1001 $
#35540
0!
0"
#35545
1!
1"
b1010 '
b1010 $
#35550
0!
0"
#35555
1!
1"
b1011 '
b1011 $
#35560
0!
0"
#35565
1!
1"
b1100 '
b1100 $
#35570
0!
0"
#35575
1!
1"
b1101 '
b1101 $
#35580
0!
0"
#35585
1!
1"
b1110 '
b1110 $
#35590
0!
0"
#35595
1!
1"
b1111 '
b1111 $
#35600
0!
0"
#35605
1!
1"
b10000 '
b10000 $
#35610
0!
0"
#35615
1!
1"
b10001 '
b10001 $
#35620
0!
0"
#35625
1!
1"
b10010 '
b10010 $
#35630
0!
0"
#35635
1!
1"
b10011 '
b10011 $
#35640
0!
0"
#35645
1!
1"
b10100 '
b10100 $
#35650
0!
0"
#35655
1!
1"
b10101 '
b10101 $
#35660
0!
0"
#35665
1!
1"
b10110 '
b10110 $
#35670
0!
0"
#35675
1!
1"
b10111 '
b10111 $
#35680
0!
0"
#35685
1!
1"
b11000 '
b11000 $
#35690
0!
0"
#35695
1!
1"
b11001 '
b11001 $
#35700
0!
0"
#35705
1!
1"
b11010 '
b11010 $
#35710
0!
0"
#35715
1!
1"
b11011 '
b11011 $
#35720
0!
0"
#35725
1!
1"
b11100 '
b11100 $
#35730
0!
0"
#35735
1!
1"
b11101 '
b11101 $
#35740
0!
0"
#35745
1!
1"
b11110 '
b11110 $
#35750
0!
0"
#35755
1!
1"
b11111 '
b11111 $
#35760
0!
0"
#35765
1!
1"
b100000 '
b100000 $
#35770
0!
0"
#35775
1!
1"
b100001 '
b100001 $
#35780
0!
0"
#35785
1!
1"
b100010 '
b100010 $
#35790
0!
0"
#35795
1!
1"
b100011 '
b100011 $
#35800
0!
0"
#35805
1!
1"
b100100 '
b100100 $
#35810
0!
0"
#35815
1!
1"
b100101 '
b100101 $
#35820
0!
0"
#35825
1!
1"
b100110 '
b100110 $
#35830
0!
0"
#35835
1!
1"
b100111 '
b100111 $
#35840
0!
0"
#35845
1!
1"
b101000 '
b101000 $
#35850
0!
0"
#35855
1!
1"
b101001 '
b101001 $
#35860
0!
0"
#35865
1!
1"
b101010 '
b101010 $
#35870
0!
0"
#35875
1!
1"
b101011 '
b101011 $
#35880
0!
0"
#35885
1!
1"
b101100 '
b101100 $
#35890
0!
0"
#35895
1!
1"
b101101 '
b101101 $
#35900
0!
0"
#35905
1!
1"
b101110 '
b101110 $
#35910
0!
0"
#35915
1!
1"
b101111 '
b101111 $
#35920
0!
0"
#35925
1!
1"
b110000 '
b110000 $
#35930
0!
0"
#35935
1!
1"
b110001 '
b110001 $
#35940
0!
0"
#35945
1!
1"
b110010 '
b110010 $
#35950
0!
0"
#35955
1!
1"
b110011 '
b110011 $
#35960
0!
0"
#35965
1!
1"
b110100 '
b110100 $
#35970
0!
0"
#35975
1!
1"
b110101 '
b110101 $
#35980
0!
0"
#35985
1!
1"
b110110 '
b110110 $
#35990
0!
0"
#35995
1!
1"
b110111 '
b110111 $
#36000
0!
0"
#36005
1!
1"
b111000 '
b111000 $
#36010
0!
0"
#36015
1!
1"
b111001 '
b111001 $
#36020
0!
0"
#36025
1!
1"
b111010 '
b111010 $
#36030
0!
0"
#36035
1!
1"
b111011 '
b111011 $
#36040
0!
0"
#36045
1!
1"
b0 '
b0 (
b0 %
b0 $
#36050
0!
0"
#36055
1!
1"
b1 '
b1 $
#36060
0!
0"
#36065
1!
1"
b10 '
b10 $
#36070
0!
0"
#36075
1!
1"
b11 '
b11 $
#36080
0!
0"
#36085
1!
1"
b100 '
b100 $
#36090
0!
0"
#36095
1!
1"
b101 '
b101 $
#36100
0!
0"
#36105
1!
1"
b110 '
b110 $
#36110
0!
0"
#36115
1!
1"
b111 '
b111 $
#36120
0!
0"
#36125
1!
1"
b1000 '
b1000 $
#36130
0!
0"
#36135
1!
1"
b1001 '
b1001 $
#36140
0!
0"
#36145
1!
1"
b1010 '
b1010 $
#36150
0!
0"
#36155
1!
1"
b1011 '
b1011 $
#36160
0!
0"
#36165
1!
1"
b1100 '
b1100 $
#36170
0!
0"
#36175
1!
1"
b1101 '
b1101 $
#36180
0!
0"
#36185
1!
1"
b1110 '
b1110 $
#36190
0!
0"
#36195
1!
1"
b1111 '
b1111 $
#36200
0!
0"
#36205
1!
1"
b10000 '
b10000 $
#36210
0!
0"
#36215
1!
1"
b10001 '
b10001 $
#36220
0!
0"
#36225
1!
1"
b10010 '
b10010 $
#36230
0!
0"
#36235
1!
1"
b10011 '
b10011 $
#36240
0!
0"
#36245
1!
1"
b10100 '
b10100 $
#36250
0!
0"
#36255
1!
1"
b10101 '
b10101 $
#36260
0!
0"
#36265
1!
1"
b10110 '
b10110 $
#36270
0!
0"
#36275
1!
1"
b10111 '
b10111 $
#36280
0!
0"
#36285
1!
1"
b11000 '
b11000 $
#36290
0!
0"
#36295
1!
1"
b11001 '
b11001 $
#36300
0!
0"
#36305
1!
1"
b11010 '
b11010 $
#36310
0!
0"
#36315
1!
1"
b11011 '
b11011 $
#36320
0!
0"
#36325
1!
1"
b11100 '
b11100 $
#36330
0!
0"
#36335
1!
1"
b11101 '
b11101 $
#36340
0!
0"
#36345
1!
1"
b11110 '
b11110 $
#36350
0!
0"
#36355
1!
1"
b11111 '
b11111 $
#36360
0!
0"
#36365
1!
1"
b100000 '
b100000 $
#36370
0!
0"
#36375
1!
1"
b100001 '
b100001 $
#36380
0!
0"
#36385
1!
1"
b100010 '
b100010 $
#36390
0!
0"
#36395
1!
1"
b100011 '
b100011 $
#36400
0!
0"
#36405
1!
1"
b100100 '
b100100 $
#36410
0!
0"
#36415
1!
1"
b100101 '
b100101 $
#36420
0!
0"
#36425
1!
1"
b100110 '
b100110 $
#36430
0!
0"
#36435
1!
1"
b100111 '
b100111 $
#36440
0!
0"
#36445
1!
1"
b101000 '
b101000 $
#36450
0!
0"
#36455
1!
1"
b101001 '
b101001 $
#36460
0!
0"
#36465
1!
1"
b101010 '
b101010 $
#36470
0!
0"
#36475
1!
1"
b101011 '
b101011 $
#36480
0!
0"
#36485
1!
1"
b101100 '
b101100 $
#36490
0!
0"
#36495
1!
1"
b101101 '
b101101 $
#36500
0!
0"
#36505
1!
1"
b101110 '
b101110 $
#36510
0!
0"
#36515
1!
1"
b101111 '
b101111 $
#36520
0!
0"
#36525
1!
1"
b110000 '
b110000 $
#36530
0!
0"
#36535
1!
1"
b110001 '
b110001 $
#36540
0!
0"
#36545
1!
1"
b110010 '
b110010 $
#36550
0!
0"
#36555
1!
1"
b110011 '
b110011 $
#36560
0!
0"
#36565
1!
1"
b110100 '
b110100 $
#36570
0!
0"
#36575
1!
1"
b110101 '
b110101 $
#36580
0!
0"
#36585
1!
1"
b110110 '
b110110 $
#36590
0!
0"
#36595
1!
1"
b110111 '
b110111 $
#36600
0!
0"
#36605
1!
1"
b111000 '
b111000 $
#36610
0!
0"
#36615
1!
1"
b111001 '
b111001 $
#36620
0!
0"
#36625
1!
1"
b111010 '
b111010 $
#36630
0!
0"
#36635
1!
1"
b111011 '
b111011 $
#36640
0!
0"
#36645
1!
1"
b0 '
b1 (
b1 %
b0 $
#36650
0!
0"
#36655
1!
1"
b1 '
b1 $
#36660
0!
0"
#36665
1!
1"
b10 '
b10 $
#36670
0!
0"
#36675
1!
1"
b11 '
b11 $
#36680
0!
0"
#36685
1!
1"
b100 '
b100 $
#36690
0!
0"
#36695
1!
1"
b101 '
b101 $
#36700
0!
0"
#36705
1!
1"
b110 '
b110 $
#36710
0!
0"
#36715
1!
1"
b111 '
b111 $
#36720
0!
0"
#36725
1!
1"
b1000 '
b1000 $
#36730
0!
0"
#36735
1!
1"
b1001 '
b1001 $
#36740
0!
0"
#36745
1!
1"
b1010 '
b1010 $
#36750
0!
0"
#36755
1!
1"
b1011 '
b1011 $
#36760
0!
0"
#36765
1!
1"
b1100 '
b1100 $
#36770
0!
0"
#36775
1!
1"
b1101 '
b1101 $
#36780
0!
0"
#36785
1!
1"
b1110 '
b1110 $
#36790
0!
0"
#36795
1!
1"
b1111 '
b1111 $
#36800
0!
0"
#36805
1!
1"
b10000 '
b10000 $
#36810
0!
0"
#36815
1!
1"
b10001 '
b10001 $
#36820
0!
0"
#36825
1!
1"
b10010 '
b10010 $
#36830
0!
0"
#36835
1!
1"
b10011 '
b10011 $
#36840
0!
0"
#36845
1!
1"
b10100 '
b10100 $
#36850
0!
0"
#36855
1!
1"
b10101 '
b10101 $
#36860
0!
0"
#36865
1!
1"
b10110 '
b10110 $
#36870
0!
0"
#36875
1!
1"
b10111 '
b10111 $
#36880
0!
0"
#36885
1!
1"
b11000 '
b11000 $
#36890
0!
0"
#36895
1!
1"
b11001 '
b11001 $
#36900
0!
0"
#36905
1!
1"
b11010 '
b11010 $
#36910
0!
0"
#36915
1!
1"
b11011 '
b11011 $
#36920
0!
0"
#36925
1!
1"
b11100 '
b11100 $
#36930
0!
0"
#36935
1!
1"
b11101 '
b11101 $
#36940
0!
0"
#36945
1!
1"
b11110 '
b11110 $
#36950
0!
0"
#36955
1!
1"
b11111 '
b11111 $
#36960
0!
0"
#36965
1!
1"
b100000 '
b100000 $
#36970
0!
0"
#36975
1!
1"
b100001 '
b100001 $
#36980
0!
0"
#36985
1!
1"
b100010 '
b100010 $
#36990
0!
0"
#36995
1!
1"
b100011 '
b100011 $
#37000
0!
0"
#37005
1!
1"
b100100 '
b100100 $
#37010
0!
0"
#37015
1!
1"
b100101 '
b100101 $
#37020
0!
0"
#37025
1!
1"
b100110 '
b100110 $
#37030
0!
0"
#37035
1!
1"
b100111 '
b100111 $
#37040
0!
0"
#37045
1!
1"
b101000 '
b101000 $
#37050
0!
0"
#37055
1!
1"
b101001 '
b101001 $
#37060
0!
0"
#37065
1!
1"
b101010 '
b101010 $
#37070
0!
0"
#37075
1!
1"
b101011 '
b101011 $
#37080
0!
0"
#37085
1!
1"
b101100 '
b101100 $
#37090
0!
0"
#37095
1!
1"
b101101 '
b101101 $
#37100
0!
0"
#37105
1!
1"
b101110 '
b101110 $
#37110
0!
0"
#37115
1!
1"
b101111 '
b101111 $
#37120
0!
0"
#37125
1!
1"
b110000 '
b110000 $
#37130
0!
0"
#37135
1!
1"
b110001 '
b110001 $
#37140
0!
0"
#37145
1!
1"
b110010 '
b110010 $
#37150
0!
0"
#37155
1!
1"
b110011 '
b110011 $
#37160
0!
0"
#37165
1!
1"
b110100 '
b110100 $
#37170
0!
0"
#37175
1!
1"
b110101 '
b110101 $
#37180
0!
0"
#37185
1!
1"
b110110 '
b110110 $
#37190
0!
0"
#37195
1!
1"
b110111 '
b110111 $
#37200
0!
0"
#37205
1!
1"
b111000 '
b111000 $
#37210
0!
0"
#37215
1!
1"
b111001 '
b111001 $
#37220
0!
0"
#37225
1!
1"
b111010 '
b111010 $
#37230
0!
0"
#37235
1!
1"
b111011 '
b111011 $
#37240
0!
0"
#37245
1!
1"
b0 '
b10 (
b10 %
b0 $
#37250
0!
0"
#37255
1!
1"
b1 '
b1 $
#37260
0!
0"
#37265
1!
1"
b10 '
b10 $
#37270
0!
0"
#37275
1!
1"
b11 '
b11 $
#37280
0!
0"
#37285
1!
1"
b100 '
b100 $
#37290
0!
0"
#37295
1!
1"
b101 '
b101 $
#37300
0!
0"
#37305
1!
1"
b110 '
b110 $
#37310
0!
0"
#37315
1!
1"
b111 '
b111 $
#37320
0!
0"
#37325
1!
1"
b1000 '
b1000 $
#37330
0!
0"
#37335
1!
1"
b1001 '
b1001 $
#37340
0!
0"
#37345
1!
1"
b1010 '
b1010 $
#37350
0!
0"
#37355
1!
1"
b1011 '
b1011 $
#37360
0!
0"
#37365
1!
1"
b1100 '
b1100 $
#37370
0!
0"
#37375
1!
1"
b1101 '
b1101 $
#37380
0!
0"
#37385
1!
1"
b1110 '
b1110 $
#37390
0!
0"
#37395
1!
1"
b1111 '
b1111 $
#37400
0!
0"
#37405
1!
1"
b10000 '
b10000 $
#37410
0!
0"
#37415
1!
1"
b10001 '
b10001 $
#37420
0!
0"
#37425
1!
1"
b10010 '
b10010 $
#37430
0!
0"
#37435
1!
1"
b10011 '
b10011 $
#37440
0!
0"
#37445
1!
1"
b10100 '
b10100 $
#37450
0!
0"
#37455
1!
1"
b10101 '
b10101 $
#37460
0!
0"
#37465
1!
1"
b10110 '
b10110 $
#37470
0!
0"
#37475
1!
1"
b10111 '
b10111 $
#37480
0!
0"
#37485
1!
1"
b11000 '
b11000 $
#37490
0!
0"
#37495
1!
1"
b11001 '
b11001 $
#37500
0!
0"
#37505
1!
1"
b11010 '
b11010 $
#37510
0!
0"
#37515
1!
1"
b11011 '
b11011 $
#37520
0!
0"
#37525
1!
1"
b11100 '
b11100 $
#37530
0!
0"
#37535
1!
1"
b11101 '
b11101 $
#37540
0!
0"
#37545
1!
1"
b11110 '
b11110 $
#37550
0!
0"
#37555
1!
1"
b11111 '
b11111 $
#37560
0!
0"
#37565
1!
1"
b100000 '
b100000 $
#37570
0!
0"
#37575
1!
1"
b100001 '
b100001 $
#37580
0!
0"
#37585
1!
1"
b100010 '
b100010 $
#37590
0!
0"
#37595
1!
1"
b100011 '
b100011 $
#37600
0!
0"
#37605
1!
1"
b100100 '
b100100 $
#37610
0!
0"
#37615
1!
1"
b100101 '
b100101 $
#37620
0!
0"
#37625
1!
1"
b100110 '
b100110 $
#37630
0!
0"
#37635
1!
1"
b100111 '
b100111 $
#37640
0!
0"
#37645
1!
1"
b101000 '
b101000 $
#37650
0!
0"
#37655
1!
1"
b101001 '
b101001 $
#37660
0!
0"
#37665
1!
1"
b101010 '
b101010 $
#37670
0!
0"
#37675
1!
1"
b101011 '
b101011 $
#37680
0!
0"
#37685
1!
1"
b101100 '
b101100 $
#37690
0!
0"
#37695
1!
1"
b101101 '
b101101 $
#37700
0!
0"
#37705
1!
1"
b101110 '
b101110 $
#37710
0!
0"
#37715
1!
1"
b101111 '
b101111 $
#37720
0!
0"
#37725
1!
1"
b110000 '
b110000 $
#37730
0!
0"
#37735
1!
1"
b110001 '
b110001 $
#37740
0!
0"
#37745
1!
1"
b110010 '
b110010 $
#37750
0!
0"
#37755
1!
1"
b110011 '
b110011 $
#37760
0!
0"
#37765
1!
1"
b110100 '
b110100 $
#37770
0!
0"
#37775
1!
1"
b110101 '
b110101 $
#37780
0!
0"
#37785
1!
1"
b110110 '
b110110 $
#37790
0!
0"
#37795
1!
1"
b110111 '
b110111 $
#37800
0!
0"
#37805
1!
1"
b111000 '
b111000 $
#37810
0!
0"
#37815
1!
1"
b111001 '
b111001 $
#37820
0!
0"
#37825
1!
1"
b111010 '
b111010 $
#37830
0!
0"
#37835
1!
1"
b111011 '
b111011 $
#37840
0!
0"
#37845
1!
1"
b0 '
b11 (
b11 %
b0 $
#37850
0!
0"
#37855
1!
1"
b1 '
b1 $
#37860
0!
0"
#37865
1!
1"
b10 '
b10 $
#37870
0!
0"
#37875
1!
1"
b11 '
b11 $
#37880
0!
0"
#37885
1!
1"
b100 '
b100 $
#37890
0!
0"
#37895
1!
1"
b101 '
b101 $
#37900
0!
0"
#37905
1!
1"
b110 '
b110 $
#37910
0!
0"
#37915
1!
1"
b111 '
b111 $
#37920
0!
0"
#37925
1!
1"
b1000 '
b1000 $
#37930
0!
0"
#37935
1!
1"
b1001 '
b1001 $
#37940
0!
0"
#37945
1!
1"
b1010 '
b1010 $
#37950
0!
0"
#37955
1!
1"
b1011 '
b1011 $
#37960
0!
0"
#37965
1!
1"
b1100 '
b1100 $
#37970
0!
0"
#37975
1!
1"
b1101 '
b1101 $
#37980
0!
0"
#37985
1!
1"
b1110 '
b1110 $
#37990
0!
0"
#37995
1!
1"
b1111 '
b1111 $
#38000
0!
0"
#38005
1!
1"
b10000 '
b10000 $
#38010
0!
0"
#38015
1!
1"
b10001 '
b10001 $
#38020
0!
0"
#38025
1!
1"
b10010 '
b10010 $
#38030
0!
0"
#38035
1!
1"
b10011 '
b10011 $
#38040
0!
0"
#38045
1!
1"
b10100 '
b10100 $
#38050
0!
0"
#38055
1!
1"
b10101 '
b10101 $
#38060
0!
0"
#38065
1!
1"
b10110 '
b10110 $
#38070
0!
0"
#38075
1!
1"
b10111 '
b10111 $
#38080
0!
0"
#38085
1!
1"
b11000 '
b11000 $
#38090
0!
0"
#38095
1!
1"
b11001 '
b11001 $
#38100
0!
0"
#38105
1!
1"
b11010 '
b11010 $
#38110
0!
0"
#38115
1!
1"
b11011 '
b11011 $
#38120
0!
0"
#38125
1!
1"
b11100 '
b11100 $
#38130
0!
0"
#38135
1!
1"
b11101 '
b11101 $
#38140
0!
0"
#38145
1!
1"
b11110 '
b11110 $
#38150
0!
0"
#38155
1!
1"
b11111 '
b11111 $
#38160
0!
0"
#38165
1!
1"
b100000 '
b100000 $
#38170
0!
0"
#38175
1!
1"
b100001 '
b100001 $
#38180
0!
0"
#38185
1!
1"
b100010 '
b100010 $
#38190
0!
0"
#38195
1!
1"
b100011 '
b100011 $
#38200
0!
0"
#38205
1!
1"
b100100 '
b100100 $
#38210
0!
0"
#38215
1!
1"
b100101 '
b100101 $
#38220
0!
0"
#38225
1!
1"
b100110 '
b100110 $
#38230
0!
0"
#38235
1!
1"
b100111 '
b100111 $
#38240
0!
0"
#38245
1!
1"
b101000 '
b101000 $
#38250
0!
0"
#38255
1!
1"
b101001 '
b101001 $
#38260
0!
0"
#38265
1!
1"
b101010 '
b101010 $
#38270
0!
0"
#38275
1!
1"
b101011 '
b101011 $
#38280
0!
0"
#38285
1!
1"
b101100 '
b101100 $
#38290
0!
0"
#38295
1!
1"
b101101 '
b101101 $
#38300
0!
0"
#38305
1!
1"
b101110 '
b101110 $
#38310
0!
0"
#38315
1!
1"
b101111 '
b101111 $
#38320
0!
0"
#38325
1!
1"
b110000 '
b110000 $
#38330
0!
0"
#38335
1!
1"
b110001 '
b110001 $
#38340
0!
0"
#38345
1!
1"
b110010 '
b110010 $
#38350
0!
0"
#38355
1!
1"
b110011 '
b110011 $
#38360
0!
0"
#38365
1!
1"
b110100 '
b110100 $
#38370
0!
0"
#38375
1!
1"
b110101 '
b110101 $
#38380
0!
0"
#38385
1!
1"
b110110 '
b110110 $
#38390
0!
0"
#38395
1!
1"
b110111 '
b110111 $
#38400
0!
0"
#38405
1!
1"
b111000 '
b111000 $
#38410
0!
0"
#38415
1!
1"
b111001 '
b111001 $
#38420
0!
0"
#38425
1!
1"
b111010 '
b111010 $
#38430
0!
0"
#38435
1!
1"
b111011 '
b111011 $
#38440
0!
0"
#38445
1!
1"
b0 '
b100 (
b100 %
b0 $
#38450
0!
0"
#38455
1!
1"
b1 '
b1 $
#38460
0!
0"
#38465
1!
1"
b10 '
b10 $
#38470
0!
0"
#38475
1!
1"
b11 '
b11 $
#38480
0!
0"
#38485
1!
1"
b100 '
b100 $
#38490
0!
0"
#38495
1!
1"
b101 '
b101 $
#38500
0!
0"
#38505
1!
1"
b110 '
b110 $
#38510
0!
0"
#38515
1!
1"
b111 '
b111 $
#38520
0!
0"
#38525
1!
1"
b1000 '
b1000 $
#38530
0!
0"
#38535
1!
1"
b1001 '
b1001 $
#38540
0!
0"
#38545
1!
1"
b1010 '
b1010 $
#38550
0!
0"
#38555
1!
1"
b1011 '
b1011 $
#38560
0!
0"
#38565
1!
1"
b1100 '
b1100 $
#38570
0!
0"
#38575
1!
1"
b1101 '
b1101 $
#38580
0!
0"
#38585
1!
1"
b1110 '
b1110 $
#38590
0!
0"
#38595
1!
1"
b1111 '
b1111 $
#38600
0!
0"
#38605
1!
1"
b10000 '
b10000 $
#38610
0!
0"
#38615
1!
1"
b10001 '
b10001 $
#38620
0!
0"
#38625
1!
1"
b10010 '
b10010 $
#38630
0!
0"
#38635
1!
1"
b10011 '
b10011 $
#38640
0!
0"
#38645
1!
1"
b10100 '
b10100 $
#38650
0!
0"
#38655
1!
1"
b10101 '
b10101 $
#38660
0!
0"
#38665
1!
1"
b10110 '
b10110 $
#38670
0!
0"
#38675
1!
1"
b10111 '
b10111 $
#38680
0!
0"
#38685
1!
1"
b11000 '
b11000 $
#38690
0!
0"
#38695
1!
1"
b11001 '
b11001 $
#38700
0!
0"
#38705
1!
1"
b11010 '
b11010 $
#38710
0!
0"
#38715
1!
1"
b11011 '
b11011 $
#38720
0!
0"
#38725
1!
1"
b11100 '
b11100 $
#38730
0!
0"
#38735
1!
1"
b11101 '
b11101 $
#38740
0!
0"
#38745
1!
1"
b11110 '
b11110 $
#38750
0!
0"
#38755
1!
1"
b11111 '
b11111 $
#38760
0!
0"
#38765
1!
1"
b100000 '
b100000 $
#38770
0!
0"
#38775
1!
1"
b100001 '
b100001 $
#38780
0!
0"
#38785
1!
1"
b100010 '
b100010 $
#38790
0!
0"
#38795
1!
1"
b100011 '
b100011 $
#38800
0!
0"
#38805
1!
1"
b100100 '
b100100 $
#38810
0!
0"
#38815
1!
1"
b100101 '
b100101 $
#38820
0!
0"
#38825
1!
1"
b100110 '
b100110 $
#38830
0!
0"
#38835
1!
1"
b100111 '
b100111 $
#38840
0!
0"
#38845
1!
1"
b101000 '
b101000 $
#38850
0!
0"
#38855
1!
1"
b101001 '
b101001 $
#38860
0!
0"
#38865
1!
1"
b101010 '
b101010 $
#38870
0!
0"
#38875
1!
1"
b101011 '
b101011 $
#38880
0!
0"
#38885
1!
1"
b101100 '
b101100 $
#38890
0!
0"
#38895
1!
1"
b101101 '
b101101 $
#38900
0!
0"
#38905
1!
1"
b101110 '
b101110 $
#38910
0!
0"
#38915
1!
1"
b101111 '
b101111 $
#38920
0!
0"
#38925
1!
1"
b110000 '
b110000 $
#38930
0!
0"
#38935
1!
1"
b110001 '
b110001 $
#38940
0!
0"
#38945
1!
1"
b110010 '
b110010 $
#38950
0!
0"
#38955
1!
1"
b110011 '
b110011 $
#38960
0!
0"
#38965
1!
1"
b110100 '
b110100 $
#38970
0!
0"
#38975
1!
1"
b110101 '
b110101 $
#38980
0!
0"
#38985
1!
1"
b110110 '
b110110 $
#38990
0!
0"
#38995
1!
1"
b110111 '
b110111 $
#39000
0!
0"
#39005
1!
1"
b111000 '
b111000 $
#39010
0!
0"
#39015
1!
1"
b111001 '
b111001 $
#39020
0!
0"
#39025
1!
1"
b111010 '
b111010 $
#39030
0!
0"
#39035
1!
1"
b111011 '
b111011 $
#39040
0!
0"
#39045
1!
1"
b0 '
b101 (
b101 %
b0 $
#39050
0!
0"
#39055
1!
1"
b1 '
b1 $
#39060
0!
0"
#39065
1!
1"
b10 '
b10 $
#39070
0!
0"
#39075
1!
1"
b11 '
b11 $
#39080
0!
0"
#39085
1!
1"
b100 '
b100 $
#39090
0!
0"
#39095
1!
1"
b101 '
b101 $
#39100
0!
0"
#39105
1!
1"
b110 '
b110 $
#39110
0!
0"
#39115
1!
1"
b111 '
b111 $
#39120
0!
0"
#39125
1!
1"
b1000 '
b1000 $
#39130
0!
0"
#39135
1!
1"
b1001 '
b1001 $
#39140
0!
0"
#39145
1!
1"
b1010 '
b1010 $
#39150
0!
0"
#39155
1!
1"
b1011 '
b1011 $
#39160
0!
0"
#39165
1!
1"
b1100 '
b1100 $
#39170
0!
0"
#39175
1!
1"
b1101 '
b1101 $
#39180
0!
0"
#39185
1!
1"
b1110 '
b1110 $
#39190
0!
0"
#39195
1!
1"
b1111 '
b1111 $
#39200
0!
0"
#39205
1!
1"
b10000 '
b10000 $
#39210
0!
0"
#39215
1!
1"
b10001 '
b10001 $
#39220
0!
0"
#39225
1!
1"
b10010 '
b10010 $
#39230
0!
0"
#39235
1!
1"
b10011 '
b10011 $
#39240
0!
0"
#39245
1!
1"
b10100 '
b10100 $
#39250
0!
0"
#39255
1!
1"
b10101 '
b10101 $
#39260
0!
0"
#39265
1!
1"
b10110 '
b10110 $
#39270
0!
0"
#39275
1!
1"
b10111 '
b10111 $
#39280
0!
0"
#39285
1!
1"
b11000 '
b11000 $
#39290
0!
0"
#39295
1!
1"
b11001 '
b11001 $
#39300
0!
0"
#39305
1!
1"
b11010 '
b11010 $
#39310
0!
0"
#39315
1!
1"
b11011 '
b11011 $
#39320
0!
0"
#39325
1!
1"
b11100 '
b11100 $
#39330
0!
0"
#39335
1!
1"
b11101 '
b11101 $
#39340
0!
0"
#39345
1!
1"
b11110 '
b11110 $
#39350
0!
0"
#39355
1!
1"
b11111 '
b11111 $
#39360
0!
0"
#39365
1!
1"
b100000 '
b100000 $
#39370
0!
0"
#39375
1!
1"
b100001 '
b100001 $
#39380
0!
0"
#39385
1!
1"
b100010 '
b100010 $
#39390
0!
0"
#39395
1!
1"
b100011 '
b100011 $
#39400
0!
0"
#39405
1!
1"
b100100 '
b100100 $
#39410
0!
0"
#39415
1!
1"
b100101 '
b100101 $
#39420
0!
0"
#39425
1!
1"
b100110 '
b100110 $
#39430
0!
0"
#39435
1!
1"
b100111 '
b100111 $
#39440
0!
0"
#39445
1!
1"
b101000 '
b101000 $
#39450
0!
0"
#39455
1!
1"
b101001 '
b101001 $
#39460
0!
0"
#39465
1!
1"
b101010 '
b101010 $
#39470
0!
0"
#39475
1!
1"
b101011 '
b101011 $
#39480
0!
0"
#39485
1!
1"
b101100 '
b101100 $
#39490
0!
0"
#39495
1!
1"
b101101 '
b101101 $
#39500
0!
0"
#39505
1!
1"
b101110 '
b101110 $
#39510
0!
0"
#39515
1!
1"
b101111 '
b101111 $
#39520
0!
0"
#39525
1!
1"
b110000 '
b110000 $
#39530
0!
0"
#39535
1!
1"
b110001 '
b110001 $
#39540
0!
0"
#39545
1!
1"
b110010 '
b110010 $
#39550
0!
0"
#39555
1!
1"
b110011 '
b110011 $
#39560
0!
0"
#39565
1!
1"
b110100 '
b110100 $
#39570
0!
0"
#39575
1!
1"
b110101 '
b110101 $
#39580
0!
0"
#39585
1!
1"
b110110 '
b110110 $
#39590
0!
0"
#39595
1!
1"
b110111 '
b110111 $
#39600
0!
0"
#39605
1!
1"
b111000 '
b111000 $
#39610
0!
0"
#39615
1!
1"
b111001 '
b111001 $
#39620
0!
0"
#39625
1!
1"
b111010 '
b111010 $
#39630
0!
0"
#39635
1!
1"
b111011 '
b111011 $
#39640
0!
0"
#39645
1!
1"
b0 '
b110 (
b110 %
b0 $
#39650
0!
0"
#39655
1!
1"
b1 '
b1 $
#39660
0!
0"
#39665
1!
1"
b10 '
b10 $
#39670
0!
0"
#39675
1!
1"
b11 '
b11 $
#39680
0!
0"
#39685
1!
1"
b100 '
b100 $
#39690
0!
0"
#39695
1!
1"
b101 '
b101 $
#39700
0!
0"
#39705
1!
1"
b110 '
b110 $
#39710
0!
0"
#39715
1!
1"
b111 '
b111 $
#39720
0!
0"
#39725
1!
1"
b1000 '
b1000 $
#39730
0!
0"
#39735
1!
1"
b1001 '
b1001 $
#39740
0!
0"
#39745
1!
1"
b1010 '
b1010 $
#39750
0!
0"
#39755
1!
1"
b1011 '
b1011 $
#39760
0!
0"
#39765
1!
1"
b1100 '
b1100 $
#39770
0!
0"
#39775
1!
1"
b1101 '
b1101 $
#39780
0!
0"
#39785
1!
1"
b1110 '
b1110 $
#39790
0!
0"
#39795
1!
1"
b1111 '
b1111 $
#39800
0!
0"
#39805
1!
1"
b10000 '
b10000 $
#39810
0!
0"
#39815
1!
1"
b10001 '
b10001 $
#39820
0!
0"
#39825
1!
1"
b10010 '
b10010 $
#39830
0!
0"
#39835
1!
1"
b10011 '
b10011 $
#39840
0!
0"
#39845
1!
1"
b10100 '
b10100 $
#39850
0!
0"
#39855
1!
1"
b10101 '
b10101 $
#39860
0!
0"
#39865
1!
1"
b10110 '
b10110 $
#39870
0!
0"
#39875
1!
1"
b10111 '
b10111 $
#39880
0!
0"
#39885
1!
1"
b11000 '
b11000 $
#39890
0!
0"
#39895
1!
1"
b11001 '
b11001 $
#39900
0!
0"
#39905
1!
1"
b11010 '
b11010 $
#39910
0!
0"
#39915
1!
1"
b11011 '
b11011 $
#39920
0!
0"
#39925
1!
1"
b11100 '
b11100 $
#39930
0!
0"
#39935
1!
1"
b11101 '
b11101 $
#39940
0!
0"
#39945
1!
1"
b11110 '
b11110 $
#39950
0!
0"
#39955
1!
1"
b11111 '
b11111 $
#39960
0!
0"
#39965
1!
1"
b100000 '
b100000 $
#39970
0!
0"
#39975
1!
1"
b100001 '
b100001 $
#39980
0!
0"
#39985
1!
1"
b100010 '
b100010 $
#39990
0!
0"
#39995
1!
1"
b100011 '
b100011 $
#40000
0!
0"
#40005
1!
1"
b100100 '
b100100 $
#40010
0!
0"
#40015
1!
1"
b100101 '
b100101 $
#40020
0!
0"
#40025
1!
1"
b100110 '
b100110 $
#40030
0!
0"
#40035
1!
1"
b100111 '
b100111 $
#40040
0!
0"
#40045
1!
1"
b101000 '
b101000 $
